factor,mode,verdict_med,verdict,spearman_med,n_days,n_overlap,coverage,max_abs_err,med_rel_err,corr
roe_ttm_lag63d,raw,EXACT,FAIL,,,24886.0,1.0,0.14948646131316484,1.8773108573348292e-10,0.9999982348657842
sa,rank,FAIL,FAIL,0.9513337768190301,5.0,,,,,
cfcr,rank,FAIL,FAIL,0.9655036999438998,5.0,,,,,
delta_cash_ratio,rank,GOOD,GOOD,0.9994864862897025,5.0,,,,,
lra_yoy,raw,FAIL,FAIL,,,7352.0,0.9994562262098967,2569.3690588839195,1.4659375190196113,0.06922241634071208
np_to_fixed_assets_yoy,rank,FAIL,FAIL,0.6178550510037951,5.0,,,,,
np_to_salary_yoy,rank,FAIL,FAIL,0.7949846436151592,5.0,,,,,
npm_q_qoq,rank,GOOD,GOOD,0.9996702215553211,5.0,,,,,
npm_ttm_qoq,rank,APPROX,APPROX,0.9974066498731866,5.0,,,,,
roa_y,rank,EXACT,EXACT,0.999993733403876,5.0,,,,,
yoy_ocf,rank,FAIL,FAIL,0.733656761554867,5.0,,,,,
debt_asset_ratio,raw,EXACT,FAIL,,,25290.0,1.0,0.27373512141003387,6.279025451448719e-11,0.99972229244416
delta_inventory_turnover,rank,APPROX,APPROX,0.9960224848210174,5.0,,,,,
delta_roa,rank,FAIL,FAIL,0.9864221511275405,5.0,,,,,
fixed_asset_turnover,rank,EXACT,EXACT,0.9999185426612085,5.0,,,,,
np_ttm_qoq,rank,FAIL,FAIL,0.915666676285677,5.0,,,,,
npm_ttm,rank,EXACT,EXACT,0.9999932093095136,5.0,,,,,
opm_ttm,rank,EXACT,EXACT,0.9999910690209632,5.0,,,,,
receivable_turnover,rank,GOOD,GOOD,0.9998652162123854,5.0,,,,,
yoy_net_profit,raw,APPROX,FAIL,,,23612.0,1.0,3398.295264221098,0.006578282395916594,0.12417584896960007
asset_growth_qoq,rank,APPROX,APPROX,0.9947517100193786,5.0,,,,,
delta_gpm,rank,APPROX,APPROX,0.9905298461028517,5.0,,,,,
gpm_y,rank,GOOD,GOOD,0.9998286492566444,5.0,,,,,
np_to_total_expenses_yoy,rank,FAIL,FAIL,0.6053775478634549,5.0,,,,,
npm_tsh,rank,GOOD,GOOD,0.9996780859010891,5.0,,,,,
opt_tpro,rank,EXACT,EXACT,0.9999567710691216,5.0,,,,,
peg_252d,raw,EXACT,FAIL,,,23212.0,0.9954114670440414,5.983783665376872e+16,2.0069445178035562e-14,0.49111370706227825
delta_de,rank,GOOD,GOOD,0.9992089658340224,5.0,,,,,
eps_ttm,rank,EXACT,EXACT,0.9999424584588447,5.0,,,,,
financial_leverage,rank,EXACT,EXACT,0.9999016443891449,5.0,,,,,
gpm_ttm,rank,EXACT,EXACT,0.9999775401254981,5.0,,,,,
icr,rank,FAIL,FAIL,0.8296097845078625,5.0,,,,,
income_tax_yoy,rank,FAIL,FAIL,0.794903194970035,5.0,,,,,
np_to_inventory_yoy,rank,FAIL,FAIL,0.6484268343895309,5.0,,,,,
npm_q,rank,GOOD,GOOD,0.9998627368972482,5.0,,,,,
quality_composite,raw,FAIL,FAIL,,,25330.0,0.9982266009852216,27871.437083516106,0.09787949032133092,0.9184266744616999
ar_ap_to_revenue,rank,APPROX,APPROX,0.9920701092940132,5.0,,,,,
asset_turnover,rank,EXACT,EXACT,0.999988570182494,5.0,,,,,
delta_current_ratio,rank,GOOD,GOOD,0.9993877719783749,5.0,,,,,
gpm_q,rank,FAIL,FAIL,0.977244520275796,5.0,,,,,
np_to_deferred_tax_yoy,rank,FAIL,FAIL,0.67389883878262,5.0,,,,,
yoy_net_asset,rank,GOOD,GOOD,0.9995758254304477,5.0,,,,,
cash_profit_ratio,rank,FAIL,FAIL,0.8440357073381419,5.0,,,,,
delta_opm,rank,FAIL,FAIL,0.9849827738920359,5.0,,,,,
eps_q,rank,EXACT,EXACT,0.9999932920414184,5.0,,,,,
eps_y,rank,EXACT,EXACT,0.9999576555137405,5.0,,,,,
yoy_revenue,raw,EXACT,FAIL,,,23604.0,1.0,3.754372759937634,5.915727342977489e-11,0.9999906743536816
yoy_roe,rank,FAIL,FAIL,0.9851233543565284,5.0,,,,,
yoy_total_asset,rank,GOOD,GOOD,0.9995998475985179,5.0,,,,,
cash_ratio,rank,GOOD,GOOD,0.9997866420055604,5.0,,,,,
current_ratio,raw,EXACT,FAIL,,,24850.0,1.0,0.9102180383744813,8.147249826488198e-12,0.9999877533442738
de,raw,EXACT,FAIL,,,25290.0,1.0,2.065137865783007,1.8487627533635625e-11,0.9999497074887805
delta_asset_turnover,rank,APPROX,APPROX,0.9939487099461337,5.0,,,,,
delta_quick_ratio,rank,GOOD,GOOD,0.9994994331426479,5.0,,,,,
delta_roe,rank,APPROX,APPROX,0.9910505023775169,5.0,,,,,
gross_margin_qoq,rank,APPROX,APPROX,0.9954935075170626,5.0,,,,,
inventory_turnover,rank,GOOD,GOOD,0.9990590137570441,5.0,,,,,
pa,rank,APPROX,APPROX,0.9946898194378274,5.0,,,,,
roa_ttm,rank,EXACT,EXACT,0.9999954518391425,5.0,,,,,
roe_ttm,raw,EXACT,FAIL,,,24966.0,1.0,1.5410332842702958,1.6702690563493743e-10,0.9999715142817043
tax_surcharge_yoy,rank,FAIL,FAIL,0.9432126953222965,5.0,,,,,
yoy_roa,rank,FAIL,FAIL,0.9836700587270103,5.0,,,,,
delta_npm,rank,FAIL,FAIL,0.984286852413458,5.0,,,,,
eaa,rank,APPROX,APPROX,0.9982885510706538,5.0,,,,,
eap,rank,FAIL,FAIL,0.9290980305050869,5.0,,,,,
market_value_leverage,rank,EXACT,EXACT,0.9999999999999999,5.0,,,,,
npm_y,rank,EXACT,EXACT,0.9999640298476316,5.0,,,,,
opm_y,rank,EXACT,EXACT,0.9999594019136249,5.0,,,,,
quick_ratio,raw,EXACT,FAIL,,,24745.0,1.0,0.7921903736592266,1.0003441941831435e-11,0.9999886677949195
equity_turnover,rank,EXACT,EXACT,0.9999783343367963,5.0,,,,,
expenses_to_equity_yoy,rank,FAIL,FAIL,0.7752440771967609,5.0,,,,,
gpm_qoq,rank,APPROX,APPROX,0.9954935075170626,5.0,,,,,
roa_q,rank,GOOD,GOOD,0.9998445303452698,5.0,,,,,
roe_y,raw,EXACT,FAIL,,,25263.0,1.0,1.1145784785901238,2.0110647837510709e-10,0.999239297436581
