factor,family,verdict_agree,n_days,agree_med,agree_min,n_levels_med,verdict_xs,spearman_med,n_levels,tie_ratio,verdict_best,judged_by
alpha101_4,qdata_alpha101_discrete,EXACT,6,1.0,1.0,9,EXACT,1.0,9,0.9984,EXACT,分档一致率
alpha101_1,qdata_alpha101_discrete,GOOD,6,0.9988210671111455,0.9949063125341095,5,APPROX,0.9982141800972542,5,0.9991,GOOD,分档一致率
alpha101_21,qdata_alpha101_discrete,GOOD,6,0.9979181408391645,0.9967326193501543,2,APPROX,0.9937627661848398,2,0.9996,GOOD,分档一致率
alpha101_27,qdata_alpha101_discrete,GOOD,6,0.9965551044653002,0.9945285427685574,2,APPROX,0.9931102087041076,2,0.9996,GOOD,分档一致率
alpha101_7,qdata_alpha101_discrete,GOOD,6,0.9961863214472946,0.995274445656125,120,APPROX,0.9910695968969461,120,0.978,GOOD,分档一致率
alpha101_61,qdata_alpha101_discrete,APPROX,6,0.964634940137935,0.9582327826248376,2,FAIL,0.9307452719432285,2,0.9996,APPROX,分档一致率
alpha101_62,qdata_alpha101_discrete,APPROX,6,0.9789445689346209,0.9680733944954129,2,FAIL,0.9455073675183349,2,0.9996,APPROX,分档一致率
alpha101_43,qdata_alpha101_discrete,FAIL,6,0.025234510219718696,0.011477230655312847,86,EXACT,0.9999124274345359,86,0.9843,EXACT,横截面Spearman
alpha101_46,qdata_alpha101_discrete,FAIL,6,0.1368498581977715,0.03922631959508315,412,EXACT,0.9999965228232018,412,0.93,EXACT,横截面Spearman
alpha101_58,qdata_alpha101_discrete,FAIL,4,0.6231128524884844,0.6035353535353535,6,FAIL,0.7403749847352152,6,0.9988,FAIL,分档一致率
alpha101_59,qdata_alpha101_discrete,FAIL,4,0.5569287701611532,0.516091281451141,8,FAIL,0.7496861946765789,8,0.9985,FAIL,分档一致率
alpha101_65,qdata_alpha101_discrete,FAIL,6,0.8696493002625965,0.7818816611539875,2,FAIL,0.738183808736707,2,0.9996,FAIL,分档一致率
alpha101_68,qdata_alpha101_discrete,FAIL,6,0.9020952767392783,0.876117496807152,2,FAIL,0.8024658954922328,2,0.9996,FAIL,分档一致率
