factor,verdict_med,verdict,n_overlap,coverage,max_abs_err,med_rel_err,corr,p99_abs_err,mean_abs_err,official_mag,verdict_robust,p99_rel_err,mean_rel_err,note,verdict_xs,spearman_med,spearman_min,n_stocks_med,n_distinct,formula_fixed,attribution
alpha101_24,EXACT,EXACT,32426,1.0,8.881784197001252e-16,7.463327098177782e-17,1.0,5.551115123125783e-16,1.9638689665002273e-16,2.6032495528279775,EXACT,2.1323791709079378e-16,7.543913584338565e-17,,EXACT,0.9999978737710162,0.9999966480605599,5401.0,6070.0,False,已复现
alpha101_43,EXACT,EXACT,32324,0.9793370902260196,1.1102230246251565e-16,0.0,1.0,1.1102230246251565e-16,6.6073408277228235e-18,0.22252467207028834,EXACT,4.98921317036914e-16,2.9692621345087424e-17,,EXACT,0.9999124274345359,0.99985922314089,5412.0,86.0,False,已复现
alpha101_37,EXACT,EXACT,32425,1.0,6.661338147750939e-16,2.2140066522096668e-16,0.9999999999999999,5.551115123125783e-16,2.501921317470095e-16,1.0029084813427365,EXACT,5.535016630524167e-16,2.4946656290316903e-16,,EXACT,1.0,0.9999999999809163,5401.0,32419.0,False,已复现
alpha101_9,EXACT,EXACT,33144,1.0,8.881784197001252e-16,2.2959353850333804e-16,0.9999999999999998,4.996003610813204e-16,2.2915977654638633e-16,0.9671204441226164,EXACT,5.165854616325106e-16,2.3695060727858245e-16,,EXACT,0.9999869940801263,0.9999744258941117,5520.0,3674.0,False,已复现
alpha101_51,EXACT,EXACT,33088,1.0,8.881784197001252e-16,8.296644488443569e-17,1.0,4.996003610813204e-16,1.4410593485682853e-16,0.8363494318181818,EXACT,5.97358403167937e-16,1.7230350063555306e-16,,EXACT,0.9999901261367417,0.9999766124009659,5513.0,2495.0,False,已复现
alpha101_49,EXACT,EXACT,33088,1.0,8.881784197001252e-16,1.4112541889535945e-16,1.0,4.996003610813204e-16,1.60969367989532e-16,0.7866924564796904,EXACT,6.350643850291176e-16,2.0461536991194937e-16,,EXACT,0.9999889539381386,0.9999750918705342,5513.0,2529.0,False,已复现
alpha101_46,EXACT,EXACT,33088,1.0,8.881784197001252e-16,0.0,1.0,4.996003610813204e-16,7.924280590188638e-17,0.7421234284332688,EXACT,6.732038660146466e-16,1.067784722403651e-16,,EXACT,0.9999965228232018,0.9999885202904106,5513.0,1061.0,False,已复现
alpha101_38,EXACT,EXACT,33130,1.0,5.551115123125783e-16,7.501234138479251e-16,1.0,5.551115123125783e-16,2.5231537198616655e-16,0.32376177326733735,EXACT,1.7145678030809718e-15,7.793241599829764e-16,,EXACT,0.9999999999821005,0.99999999992807,5519.0,32036.0,False,已复现
alpha101_30,EXACT,EXACT,32820,0.9920502977359973,6.661338147750939e-16,2.6269846918841658e-15,0.9999999999999997,4.996003610813204e-16,2.1598559955569403e-16,0.08056242760873399,EXACT,6.201406485759342e-15,2.680971837202662e-15,,EXACT,1.0,0.9999999999999999,5460.0,28493.0,True,公式已修正（factor_desc 括号丢失）
alpha101_47,EXACT,EXACT,32820,0.9940032709431219,3.1086244689504383e-15,6.506110010839431e-16,1.0,5.551115123125783e-16,2.5326130081290924e-16,0.3519514709210929,EXACT,1.5772387905065286e-15,7.195915395668004e-16,,EXACT,1.0,0.9999999999999999,5460.0,33018.0,False,已复现
alpha101_12,EXACT,EXACT,33104,0.9982811133560507,1.9895196601282805e-13,4.584825767509951e-16,1.0,1.3322676295501878e-14,1.3154085739803122e-15,0.9686065128081199,EXACT,1.3754477302529855e-14,1.3580422561549443e-15,,EXACT,0.9999516955687118,0.9998803918361102,5513.0,2769.0,False,已复现
alpha101_26,EXACT,EXACT,29069,0.9956841924987155,1.6509016376176078e-13,3.819931399268999e-15,0.9999999999999999,5.088374166462014e-14,5.5793627216303415e-15,0.6684708937774414,EXACT,7.611960690925941e-14,8.346455729885402e-15,,EXACT,0.9999458250284055,0.9999260328078027,4844.0,12113.0,False,已复现
alpha101_53,EXACT,EXACT,31836,1.0,4.999467506650035e-11,3.329218343591141e-12,1.0,4.888049895401814e-11,1.843635610146034e-11,4.91160600126061,EXACT,9.952039911481601e-12,3.753630909467998e-12,,EXACT,0.9999997486031472,0.9999996856290486,5312.0,25182.0,False,已复现
alpha101_4,EXACT,EXACT,33131,1.0,4.4444448121794267e-11,2.0674546870982872e-11,0.9999999999999992,4.4444448121794267e-11,1.5924017386765747e-11,0.5374288598438596,EXACT,8.269829077416277e-11,2.963000050163326e-11,,EXACT,1.0,0.9999999999999999,5519.0,17.0,False,已复现
alpha101_33,EXACT,EXACT,33168,1.0,4.9990955819367855e-11,3.930726338567578e-11,1.0,4.938360831374666e-11,2.0567754461088877e-11,0.5004111677455593,EXACT,9.868606357493688e-11,4.110170952768749e-11,,EXACT,1.0,0.9999999999999999,5524.0,30455.0,False,已复现
alpha101_54,EXACT,EXACT,33081,1.0,4.9999726581262394e-11,4.211102143943791e-11,0.9999999999999999,4.937459330278671e-11,2.0144506040981385e-11,0.45127058946394283,EXACT,1.0941238905340144e-10,4.4639527838299244e-11,,EXACT,0.9999999951782313,0.9999999868116926,5506.0,31972.0,False,已复现
alpha101_101,EXACT,EXACT,33168,1.0,4.99915664420314e-11,4.6691559265609605e-11,1.0,4.9546589053761636e-11,2.049093650958195e-11,0.4243756527904854,EXACT,1.1675172392187832e-10,4.82849013011082e-11,,EXACT,0.9999999047540837,0.9999997227534354,5524.0,19154.0,False,已复现
alpha101_2,EXACT,EXACT,33016,1.0,5.000011515932101e-11,5.0097015928154514e-11,1.0,4.9381423949945714e-11,2.072232981845822e-11,0.39705247745233674,EXACT,1.2437001845901741e-10,5.2190405538889465e-11,,EXACT,0.9999999999999999,0.9999999999999999,5497.0,33016.0,False,已复现
alpha101_20,EXACT,EXACT,33161,1.0,4.9999282492052544e-11,1.2468232853349732e-10,0.9999999999999999,4.9381415623273035e-11,2.0833794941991682e-11,0.1604032721992029,EXACT,3.078579068009713e-10,1.298838524697828e-10,,EXACT,0.9999999999912208,0.9999999999820763,5523.0,32189.0,False,已复现
alpha101_41,EXACT,EXACT,33128,1.0,4.999822778017915e-11,1.325771155576722e-10,0.9999999999999996,4.940059215863268e-11,2.068605680775722e-11,0.14923429270334715,EXACT,3.3102708006150306e-10,1.3861463362765853e-10,,EXACT,0.9999999993721147,0.999999994109486,5517.0,33090.0,False,已复现
alpha101_6,EXACT,GOOD,32979,0.9956525677022009,1.2768142432229013e-08,5.0192489433617136e-11,1.0,1.193858678583137e-10,2.6271092557529766e-11,0.4120937274417309,EXACT,2.8970561769881487e-10,6.375028496701503e-11,,EXACT,1.0,0.9999999999999999,5492.0,33123.0,False,已复现
alpha101_18,EXACT,APPROX,33122,0.9999698094979319,0.00018070115025307305,4.9957694249859566e-11,0.9999999909130567,0.00016988030657339055,1.5090266812882162e-05,0.500105664490858,APPROX,0.00033968882705285973,3.0174156951901538e-05,,EXACT,1.0,0.9999999999999999,5518.0,33102.0,False,已复现
alpha101_10,APPROX,APPROX,33152,1.0,0.000334412804471107,0.0001772047352278649,0.9999999165909113,0.00032354520909204306,0.00010158924431546087,0.5020667378930467,APPROX,0.0006444266960400922,0.0002023421124087731,,EXACT,1.0,1.0,5522.0,8455.0,False,数值口径差异（横截面名次一致，绝对量级不同）
alpha101_22,EXACT,APPROX,32938,0.996219338837976,0.0003102601433263158,8.681665462785132e-11,0.9999999997888949,2.9951808304395987e-10,3.7925157526937284e-07,0.2416525552374087,GOOD,1.2394575457714562e-09,1.5694085042749976e-06,,EXACT,0.9999999986430034,0.9999999954314324,5485.0,33062.0,False,已复现
alpha101_40,EXACT,APPROX,32979,0.9956826278606364,0.0004182085765713703,5.288355096867057e-13,0.9999999981761082,0.00010818910464620203,2.2089674324778786e-06,0.2842551129429673,APPROX,0.00038060565921257147,7.771073700690422e-06,,EXACT,0.9999999889406922,0.9999999719560885,5492.0,33122.0,False,已复现
alpha101_60,APPROX,APPROX,33043,1.0,4.233649955013853e-07,0.0006371947226653323,0.9999998271051118,4.1428902204597524e-07,1.4980353497116328e-07,0.00023874072749642888,APPROX,0.0017353093726003336,0.0006274737307793622,,EXACT,0.9999997611279818,0.9999995917900376,5500.0,32821.0,False,数值口径差异（横截面名次一致，绝对量级不同）
alpha101_31,APPROX,APPROX,32526,0.9843835118939531,0.007881828939222825,0.0013987799705514285,0.9999984294432236,0.0074907267871728855,0.00243780502491025,1.3994676483125963,APPROX,0.005352554448975513,0.0017419516827342353,,EXACT,0.9999979624225761,0.9999908148058798,5431.0,33042.0,False,数值口径差异（横截面名次一致，绝对量级不同）
alpha101_11,APPROX,APPROX,33069,0.9996372540128775,0.003003405542705062,0.0004143410069463128,0.9999993379969426,0.0015008497652894003,0.0002819134761736116,0.48309031672657343,APPROX,0.0031067684723204113,0.0005835626722635659,,EXACT,0.9999996548936498,0.9999985156128492,5506.0,33065.0,False,数值口径差异（横截面名次一致，绝对量级不同）
alpha101_5,EXACT,APPROX,32979,1.0,0.0019617496764935405,7.954771915281887e-11,0.999999998061296,4.944260723060978e-11,1.85161683853938e-07,0.2485306545729081,EXACT,1.9893967331947563e-10,7.45025534866644e-07,,EXACT,0.9999999995338371,0.9999999985943056,5492.0,32946.0,False,已复现
alpha101_17,APPROX,FAIL,32670,0.9879343191508664,0.0035878407741212204,0.00029792536519749414,0.9999981013718269,0.0020651718441761576,0.0001805129610840488,0.1867861354256438,FAIL,0.011056344409450376,0.0009664152035304984,,EXACT,0.9999995496839007,0.9999982069210152,5448.0,29349.0,False,数值口径差异（横截面名次一致，绝对量级不同）
alpha101_23,EXACT,FAIL,33089,1.0,0.03,0.0,0.9999999973389506,4.996003610813204e-16,2.719937139320282e-06,0.7096784429870955,EXACT,7.039813115619816e-16,3.83263316815971e-06,,EXACT,0.9999996180836388,0.9997839470843294,5513.0,2976.0,False,已复现
alpha101_16,APPROX,FAIL,33054,0.997043918918919,0.028311857854378286,0.0014002104097137146,0.9999806779047665,0.007475843817949234,0.0011109872370859285,0.49984336211602626,FAIL,0.014956373105168699,0.002222670783068317,,EXACT,0.9999819367639959,0.9999698072202624,5503.0,33135.0,False,数值口径差异（横截面名次一致，绝对量级不同）
alpha101_13,APPROX,FAIL,33054,0.997043918918919,0.03511656360582349,0.0013174742117373296,0.999980710293631,0.0074149126963115415,0.001082000587784971,0.5002588201346071,FAIL,0.01482215284943177,0.0021628815809660923,,EXACT,0.9999810426985103,0.9999706984905316,5503.0,33134.0,False,数值口径差异（横截面名次一致，绝对量级不同）
alpha101_66,APPROX,FAIL,26548,0.7965196519651965,0.15027012443282461,0.0013319337350724352,0.9998308776231175,0.0073999004428471375,0.0024514076061088615,1.0854921208559005,APPROX,0.006817092727501683,0.0022583375401895585,覆盖率不足（官方 33330 / 重叠 26548）,GOOD,0.9998157756509595,0.9997498560154571,4488.0,22307.0,False,数值口径差异（横截面名次一致，绝对量级不同）
alpha101_36,APPROX,FAIL,32007,0.990315594059406,0.6863620430073794,0.0005814470550300523,0.9994805371585382,0.010182128435078732,0.004195113232200157,2.7148930459471186,APPROX,0.0037504712939903646,0.0015452222836044166,,GOOD,0.9995181969130861,0.998784389026008,5338.0,32320.0,False,数值口径差异（横截面名次一致，绝对量级不同）
alpha101_42,EXACT,FAIL,33128,1.0,1.5,5.1235492079017e-17,0.9999999840340488,5.551115123125783e-16,6.438404945374681e-05,4.333804476447441,EXACT,1.2808873019754251e-16,1.4856242316341066e-05,,EXACT,0.9999999984272736,0.9999999383913116,5517.0,33019.0,False,已复现
alpha101_19,FAIL,FAIL,32297,0.9997833085685983,0.6139075371619613,0.010515797789526335,0.9993617488744925,0.2838398712289865,0.026193513941034325,1.492368071132574,FAIL,0.19019428029814214,0.017551644562561426,,APPROX,0.9936606473779943,0.9882272912952988,5382.0,32108.0,False,口径未标定（算子统计量定义）
alpha101_39,FAIL,FAIL,31852,0.9860079247152056,0.38455152652980806,0.010036418377591363,0.9981715518184633,0.1513438173043195,0.013933878916676159,0.7557009489718409,FAIL,0.20026945514654754,0.01843835042900729,,APPROX,0.9984945260254542,0.998100546440755,5312.0,32295.0,False,口径未标定（算子统计量定义）
alpha101_15,APPROX,FAIL,33007,0.9960768928991761,1.0972648104078313,0.0015310791236071571,0.9992729730391235,0.05705365619449977,0.005604682594356305,1.5004932268670146,FAIL,0.038023268064745694,0.003735226853411872,,GOOD,0.9992063021199762,0.9988007585958888,5488.0,32108.0,False,数值口径差异（横截面名次一致，绝对量级不同）
alpha101_67,FAIL,FAIL,29330,0.990042194092827,0.6472646761357339,0.04004930362832542,0.7581128090650346,0.3622273148595322,0.06326198312987771,0.8049471807043682,FAIL,0.45000134610393383,0.07859147115034353,,FAIL,0.75772575867429,0.7192383599898343,4894.0,29621.0,False,口径未标定（IndNeutralize 行业分类口径）
alpha101_57,GOOD,FAIL,33010,1.0,1.9033001522805364,6.551645306204327e-05,0.999994216050877,0.12807494634799144,0.006877203842242507,2.0729579540246026,FAIL,0.061783668163329954,0.0033175799966856856,,EXACT,0.9999997709255029,0.9999991708020088,5501.0,32972.0,False,已复现
alpha101_50,APPROX,FAIL,32986,1.0,0.7805101706885511,0.0007401677056608696,0.9992010748663087,0.01457765797875809,0.0014789355493645255,0.732406124847776,FAIL,0.019903790375576016,0.002019283426489516,,GOOD,0.9993186689739433,0.9985437858838897,5492.0,30383.0,False,数值口径差异（横截面名次一致，绝对量级不同）
alpha101_70,FAIL,FAIL,29215,0.953149978793514,0.7967769539318004,0.020055154718143516,0.8931064127476515,0.5561425203456702,0.06252905693132746,0.6885025803419891,FAIL,0.8077566246293896,0.09081891443350638,,FAIL,0.8812641302194365,0.871581992502617,4868.0,30240.0,False,口径未标定（IndNeutralize 行业分类口径）
alpha101_29,FAIL,FAIL,33122,1.0,1.1082725120311754,0.03485725739936785,0.8232599806722799,0.946368266067655,0.15163372080581236,0.9575852196670679,FAIL,0.9882862085075699,0.1583501057572006,,FAIL,0.8008510926531409,0.6317976296075787,5518.0,25985.0,False,股票池/停牌口径未标定
alpha101_62,EXACT,FAIL,32818,1.0,1.0,0.0,0.9423751288924108,1.0,0.021756353220793466,0.7620513133036748,FAIL,1.3122475908672877,0.028549722100043983,,FAIL,0.9455073675183349,0.9114235772354803,5464.0,2.0,False,离散输出（布尔/±1）跳变放大（历史横截面池差异）
alpha101_69,FAIL,FAIL,30250,0.9876261059779947,0.918154227863805,0.06215879540667306,0.8534364793206728,0.5775795879671851,0.08708910497594581,0.6825087544821976,FAIL,0.846259603520222,0.12760144745984708,,FAIL,0.872861668585355,0.8433071008350198,5057.0,30620.0,False,口径未标定（IndNeutralize 行业分类口径）
alpha101_58,EXACT,FAIL,30960,0.9904030710172744,0.8333333333333334,5.666212608644472e-16,0.7236728367474488,0.8333333333333334,0.13641257536606383,0.5878122308354867,FAIL,1.4176862773829584,0.23206828339072472,,FAIL,0.7170706659064269,0.7011016863105419,5156.0,6.0,False,口径未标定（IndNeutralize 行业分类口径）
alpha101_34,APPROX,FAIL,33128,1.0,0.7563986204787801,0.0014450847781806069,0.9941145550565555,0.11282055934912993,0.004626633776698311,0.5000910229865044,FAIL,0.22560004911780737,0.009251583339905637,,APPROX,0.9946653559289966,0.9877219427492996,5517.0,33093.0,False,口径未标定（算子统计量定义）
alpha101_59,EXACT,FAIL,30735,0.9832053742802304,0.875,0.0,0.7388439819013779,0.875,0.13928745729624206,0.5541890353017732,FAIL,1.5788836376445723,0.25133564257617563,,FAIL,0.7368225290873469,0.7172407631719359,5127.0,8.0,False,口径未标定（IndNeutralize 行业分类口径）
alpha101_44,APPROX,FAIL,33047,0.9975248271906788,1.1068945671487869,0.0014718543345643982,0.9994296416320448,0.03531541595131721,0.003204623344595441,0.5980558883708446,FAIL,0.059050360740564606,0.005358401124224543,,GOOD,0.9996171097387359,0.9993445512424589,5502.0,33129.0,False,数值口径差异（横截面名次一致，绝对量级不同）
alpha101_55,APPROX,FAIL,32990,0.9971888885530332,0.9285629570200089,0.0016535626901589783,0.9996126196855972,0.0267507347195604,0.0026195280849420884,0.5009868110272305,FAIL,0.05339608574666928,0.005228736619974028,,GOOD,0.999644401625674,0.9994392527769912,5493.0,33083.0,False,数值口径差异（横截面名次一致，绝对量级不同）
alpha101_65,EXACT,FAIL,32767,1.0,1.0,0.0,0.7227543738935437,1.0,0.13830988494521929,0.5248573259681997,FAIL,1.9052796836841495,0.2635190138388185,,FAIL,0.738183808736707,0.5660146194283917,5454.0,2.0,False,离散输出（布尔/±1）跳变放大（历史横截面池差异）
alpha101_25,APPROX,FAIL,32820,0.9931009440813362,0.9735753468204986,0.0017765002132179826,0.997557867992471,0.004390746635800635,0.001926881188557194,0.5013358388578564,APPROX,0.008758094465784926,0.0038434938003774396,,APPROX,0.9977097641679284,0.9947691182454801,5460.0,31412.0,False,口径未标定（算子统计量定义）
alpha101_8,APPROX,FAIL,33100,1.0,0.9932898077121146,0.0029080348957595437,0.9811363003656216,0.1487140650063952,0.009160025634442974,0.5000906508971571,FAIL,0.29737421553393134,0.01831673041279614,,FAIL,0.9829409466121098,0.9601983879893873,5515.0,33079.0,False,股票池/停牌口径未标定
alpha101_21,EXACT,FAIL,33096,1.0,2.0,0.0,0.9951794860470317,0.0,0.004230118443316413,1.0,EXACT,0.0,0.004230118443316413,,APPROX,0.9937627661848398,0.9924355470292539,5514.0,2.0,False,离散输出（布尔/±1）跳变放大（历史横截面池差异）
alpha101_27,EXACT,FAIL,33015,1.0,2.0,0.0,0.9935786762119515,0.0,0.006421323640769347,1.0,EXACT,0.0,0.006421323640769347,,APPROX,0.9931102087041076,0.9890570851731187,5497.0,2.0,False,离散输出（布尔/±1）跳变放大（历史横截面池差异）
alpha101_3,APPROX,FAIL,32970,0.9954409589082456,0.8532760099508931,0.0019220719402708007,0.9997205452196379,0.019708336262406798,0.002162595135956959,0.4102109565016824,FAIL,0.04804439264733771,0.0052719097373697035,,GOOD,0.9997765338692721,0.9995784744346606,5490.0,33121.0,False,数值口径差异（横截面名次一致，绝对量级不同）
alpha101_68,EXACT,FAIL,33012,1.0,1.0,0.0,0.8100782252425354,1.0,0.09463225493759844,0.4720101781170484,FAIL,2.118598382749326,0.20048774226671798,,FAIL,0.8024658954922328,0.7525605561341293,5503.0,2.0,False,离散输出（布尔/±1）跳变放大（历史横截面池差异）
alpha101_61,EXACT,FAIL,32194,1.0,1.0,0.0,0.9312211767780355,1.0,0.035223954774181526,0.46586320432378703,FAIL,2.1465528737164954,0.07561008134417924,,FAIL,0.9307452719432285,0.9195017245983337,5358.0,2.0,False,离散输出（布尔/±1）跳变放大（历史横截面池差异）
alpha101_7,EXACT,FAIL,33058,1.0,2.0,0.0,0.9904650780439763,3.3306690738754696e-16,0.003470667715328686,0.844863573113921,EXACT,3.942256690745458e-16,0.00410796230986361,,APPROX,0.9910695968969461,0.9878275740175602,5507.0,121.0,False,口径未标定（算子统计量定义）
alpha101_45,FAIL,FAIL,31947,0.998125410066548,0.6975733574644716,0.18273796620471816,0.9253577838629043,0.4632528818630384,0.09340131212242118,0.28932481119006936,FAIL,1.601151591381178,0.32282510351682914,,FAIL,0.958108281407118,0.9337250872432824,5318.0,31985.0,False,股票池/停牌口径未标定
alpha101_63,FAIL,FAIL,27972,0.9082407948568089,1.0324058931522704,0.1757460494859326,0.8857204455180661,0.7356157656368608,0.11654630290376103,0.33240639877826456,FAIL,2.213001218810958,0.35061389712147073,覆盖率不足（官方 30798 / 重叠 27972）,FAIL,0.8776250821771316,0.8503785875604455,4660.0,30786.0,False,口径未标定（IndNeutralize 行业分类口径）
alpha101_56,APPROX,FAIL,33085,0.999456242636619,0.8110794606622569,0.003371080440324489,0.987714782472856,0.11402786121632348,0.0055693296387980965,0.24807277020829038,FAIL,0.4596548872356357,0.02245038677208263,,FAIL,0.9863534015323894,0.9733867916287959,5512.0,33074.0,False,股票池/停牌口径未标定
alpha101_1,APPROX,FAIL,33073,1.0,0.8111697289430599,0.0020386637762433847,0.9970128738058892,0.002344493212130816,0.0012547068213122161,0.239485706864872,APPROX,0.009789699948371778,0.0052391720480428295,,APPROX,0.9982141800972542,0.9906099489998513,5512.0,25.0,False,口径未标定（算子统计量定义）
alpha101_14,APPROX,FAIL,32979,0.9957427536231884,0.7736060205293787,0.0007473031870835736,0.9990455167366357,0.008329417599698746,0.0010183646233311752,0.20722751570474734,FAIL,0.04019455414196199,0.004914234578684599,,GOOD,0.9997224634721465,0.9985092758548192,5492.0,33120.0,False,数值口径差异（横截面名次一致，绝对量级不同）
alpha101_35,EXACT,FAIL,32465,0.9826563351292451,0.908203125,0.0,0.9957710071663538,0.016323242187500142,0.0007970460074792084,0.09907711422096392,FAIL,0.1647529029872196,0.008044703499353233,,GOOD,0.9990708735338796,0.997517282601958,5427.0,1567.0,False,已复现
alpha101_52,APPROX,FAIL,32224,0.996937165485877,7.772479718542854,0.0030279635471925754,0.9994050906610735,0.25479436864690647,0.01595272180750967,0.6914375877724597,FAIL,0.3684994468810321,0.023071817456298657,,APPROX,0.9966704975843464,0.9955097494095039,5367.0,31538.0,False,口径未标定（算子统计量定义）
alpha101_48,FAIL,FAIL,29495,0.9998982981897078,0.16305430977641994,0.12020319067444155,0.9592517779203509,0.017548474207896608,0.002257157780293227,0.00915696861335922,FAIL,1.9164065040361622,0.24649617964183365,,FAIL,0.9204942284081081,0.8950694504614402,4915.0,29498.0,False,口径未标定（IndNeutralize 行业分类口径）
alpha101_32,APPROX,FAIL,29621,1.0,0.07594778677673483,0.007343821738574022,0.7543733570095281,0.002215291499394839,0.0001719542992796464,0.004085734536304741,FAIL,0.5422015257502301,0.04208650800772949,,FAIL,0.9536833698086411,0.9199282805774696,4934.0,29621.0,False,股票池/停牌口径未标定
alpha101_28,FAIL,FAIL,32665,0.9881715876089061,0.021213190604266276,0.3255049758568132,0.9366875557250529,0.0010627737933751522,0.00017813909469488828,0.00036182193565616183,FAIL,2.9372840301896526,0.492339123585291,,EXACT,1.0,0.9999999999999999,5448.0,33056.0,False,数值口径差异（横截面名次一致，绝对量级不同）
alpha101_64,NO_DATA,NO_DATA,0,0.0,,,,,,,,,,,NO_DATA,,,,,,未实现：未定义标识符 '未定义变量 Delta_Mix'
