factor,variant,verdict_med,verdict,max_abs_err,med_rel_err,n_overlap,corr
alpha_1000d_000300,HFQ simple ret,GOOD,APPROX,7.412037474080089e-08,3.1258000860456584e-07,438,0.9999999997368015
alpha_1000d_000300,raw simple ret,FAIL,FAIL,0.00030310215225397074,0.3474678969868041,438,0.9975877931429986
alpha_125d_000300,HFQ simple ret,GOOD,GOOD,4.963428539700443e-11,1.298516308560034e-08,438,0.9999999999999987
alpha_125d_000300,raw simple ret,FAIL,FAIL,0.0004254913713908349,0.16592264918811916,438,0.9985320847666171
alpha_1320d_000001,HFQ simple ret,GOOD,APPROX,6.252974997278437e-08,2.6355353440582615e-07,438,0.9999999997363949
alpha_1320d_000001,raw simple ret,FAIL,FAIL,0.00029703350242251856,0.34020767022394555,438,0.9946946594890396
alpha_250d_000300,HFQ simple ret,GOOD,GOOD,4.9963139826586164e-11,1.8126627503828797e-08,438,1.0
alpha_250d_000300,raw simple ret,FAIL,FAIL,0.0004439404443762898,0.22510111268975067,438,0.9979410226694848
alpha_500d_000300,HFQ simple ret,GOOD,APPROX,1.219389339766376e-07,7.352085625561719e-08,438,0.9999999995204912
alpha_500d_000300,raw simple ret,FAIL,FAIL,0.00037632502790429536,0.334775324190275,438,0.9966868985562626
alpha_528d_000001,HFQ simple ret,GOOD,APPROX,1.14000755453811e-07,8.989094736455273e-07,438,0.999999999538729
alpha_528d_000001,raw simple ret,FAIL,FAIL,0.00035315880491300686,0.3427141823012377,438,0.9974805772499628
alpha_792d_000001,HFQ simple ret,GOOD,APPROX,9.527672364994036e-08,5.31271312830086e-06,438,0.9999999991724634
alpha_792d_000001,raw simple ret,FAIL,FAIL,0.0002698703736957722,0.33471624534924765,438,0.9989218920463516
book_to_market,1/pb,FAIL,FAIL,0.9676437580012469,0.09952596713156477,438,0.9992039440566635
days_down_up,strict(diff>0/<0)[HFQ],EXACT,FAIL,1.0,0.0,438,0.9990072677340971
days_down_up,nonstrict(diff>=0/<=0)[HFQ],EXACT,FAIL,5.0,0.0,438,0.9254336595447086
days_down_up,strict(raw),EXACT,FAIL,3.0,0.0,438,0.9820627828854962
earnings_to_price,1/pe_ttm,GOOD,GOOD,2.406707224206217e-06,1.515320496684257e-06,365,0.9999999999381064
earnings_to_price,total_share*C_raw/total_mv 口径 = 1/pe_ttm,GOOD,GOOD,2.406707224206217e-06,1.515320496684257e-06,365,0.9999999999381064
float_size,-log(circ_mv/100),EXACT,EXACT,4.992273261450464e-11,1.3111346314380567e-12,438,0.9999999999999994
float_size,-log(float_share*C_hfq/1e6),FAIL,FAIL,7.341095307902312,0.41017498661174095,438,0.06678599788409867
float_size,-log(float_share*C_raw/1e6),FAIL,FAIL,9.210374473358828,0.732878559147958,438,0.9999999999991351
float_size,+log(circ_mv/100),FAIL,FAIL,28.694994735794353,1.979410982972433,438,-0.9999999999999994
price_dist,HFQ+ceil,EXACT,EXACT,5.551115123125783e-16,4.494697199001473e-16,438,1.0
price_dist,HFQ+nearest,EXACT,FAIL,0.9992304000000161,8.989394398002946e-16,438,-0.09950181318988044
price_dist,raw+ceil,FAIL,FAIL,0.9653039999999999,0.7216961772705005,438,-0.1556511143951706
price_position_ir_60d,HFQ+ddof1,EXACT,EXACT,4.981981494012189e-11,1.1695751854435394e-10,438,1.0
price_position_ir_60d,raw+ddof1,EXACT,EXACT,4.982028678490735e-11,1.1696086138843593e-10,438,1.0
price_position_ir_60d,HFQ+ddof0,APPROX,FAIL,0.002689331945420703,0.007438177480742647,438,1.0
rsi,wilder(com=13),EXACT,FAIL,19.055786981544614,0.0,438,0.9636674774476316
rsi,wilder(raw price),FAIL,FAIL,24.124295054353034,0.014011526965936622,438,0.9321157061908671
rsi,span=14,FAIL,FAIL,22.728103476978013,0.09880885716156093,438,0.8957854733105216
rsi,rolling SMA 14,FAIL,FAIL,35.36956351065592,0.11673816348716053,438,0.8317206564527504
rsrs,HFQ+ddof1,EXACT,EXACT,5.4928506187934545e-11,2.3289942563099567e-11,438,1.0
rsrs,HFQ+ddof0,APPROX,FAIL,0.008245519833274706,0.0017440547648813242,438,1.0
rsrs,raw+ddof1,FAIL,FAIL,2.07823278539548,0.055414687451558045,438,0.9616802315136325
size,-log(total_mv/100),EXACT,EXACT,4.976641321263742e-11,1.1369565885599347e-12,438,1.0
size,-log(total_share*C_hfq/1e6),FAIL,FAIL,7.341095307865611,0.40782888760447583,438,-0.021399498611368688
size,-log(total_mv/1e6),FAIL,FAIL,9.210340372025948,0.7286866761945683,438,0.9999999999999998
size,-log(total_share*C_raw/1e6),FAIL,FAIL,9.210340382509253,0.7286866761948276,438,1.0
size,+log(total_mv/100),FAIL,FAIL,28.694994735794353,1.9702480480258902,438,-1.0
