factor,date,variant,n,N_off,N_loc,spearman,rank_gap_pct
ebitda_to_market,20240812,EBITDA_TTM/mv,5033,5279,5084,0.9775052672809272,0.03523394582307255
ebitda_to_market,20240812,EBITDA年报/mv,5033,5279,5084,0.9728953428689278,0.035991665088084865
ebitda_to_market,20240812,EBITDA_TTM/(close*总股本),5033,5279,5084,0.9775052672809272,0.03523394582307255
ebitda_to_market,20240812,EBIT_TTM+折旧摊销/mv,5033,5279,5084,0.9411458721867488,0.03106648986550483
ebitda_to_market,20240812,营业利润TTM/mv,5033,5279,5086,0.7198667742967568,0.08978973290395909
ocf_to_market,20240812,OCF_TTM/mv,4768,4851,5086,0.7627716547907287,0.024531024531024532
ocf_to_market,20240812,OCF单季/mv,4768,4851,5086,0.3833768947388162,0.1746031746031746
ocf_to_market,20240812,OCF年报/mv,4768,4851,5086,0.6680452355110124,0.07276850133992992
ocf_to_market,20240812,OCF_TTM+ICF_TTM/mv,4768,4851,5086,0.3887245416371707,0.17192331478045764
ocf_to_market,20240812,OCF_TTM/(close*总股本),4768,4851,5086,0.7627716547907287,0.024531024531024532
ncf_to_market,20240812,OCF+ICF+Fin(TTM)/mv,4177,4218,5086,0.5361052900982648,0.1678520625889047
ncf_to_market,20240812,OCF+ICF(TTM)/mv,4177,4218,5086,0.1838036066487828,0.24727358937885255
ncf_to_market,20240812,OCF+ICF+Fin(单季)/mv,4177,4218,5086,0.2015346848285903,0.25889046941678523
ncf_to_market,20240812,Fin(TTM)/mv,4177,4218,5086,0.1589553919880321,0.26955903271692744
cash_profit_ratio,20240812,(OCF−净利润TTM)/净利润TTM,4769,4851,5312,0.7620383687220817,0.055658627087198514
cash_profit_ratio,20240812,(OCF−归母TTM)/归母TTM,4769,4851,5312,0.7141617332424908,0.049886621315192746
cash_profit_ratio,20240812,(OCF−净利润TTM)/营业收入TTM,4769,4851,5311,0.19184672693517985,0.1937744794887652
cash_profit_ratio,20240812,OCF_TTM/净利润TTM,4769,4851,5312,0.7620383687220817,0.055658627087198514
cash_profit_ratio,20240812,(OCF−扣非TTM)/扣非TTM,4769,4851,5320,0.5954367527966463,0.07627293341579056
gpm_q,20240812,单季(差分) revenue,4952,5298,5209,0.9992832101189075,0.011702529256323141
gpm_q,20240812,单季(差分) totsrev,4952,5298,5209,0.9911494524486751,0.011513778784446961
gpm_q,20240812,累计(YTD) revenue,4991,5298,5254,0.9999806464299528,0.009437523593808984
gpm_q,20240812,TTM,4960,5298,5224,0.9380336068871497,0.03095507738769347
np_ttm_qoq,20240812,归母TTM/t-63−1,4970,5202,5299,0.16063273421085744,0.4591503267973856
np_ttm_qoq,20240812,净利润TTM/t-63−1,4970,5202,5299,0.16142028033812547,0.45857362552864284
np_ttm_qoq,20240812,归母单季/上季−1,4970,5202,5322,0.004335622450156202,0.5060553633217993
np_ttm_qoq,20240812,归母单季/t-63−1,4970,5202,5296,0.05299135512653006,0.473760092272203
np_ttm_qoq,20240812,归母TTM/prev_report−1,4970,5202,5317,0.06586528540094007,0.4999038831218762
etp5,20240812,"mean(归母年报,1260)/mean(mv,1260)",3389,3427,3752,0.9845320570591649,0.07061569886197841
etp5,20240812,"mean(归母TTM,1260)/mean(mv,1260)",3389,3427,3752,0.9739822550106496,0.07119929967901956
etp5,20240812,"mean(归母年报,1203)/mean(mv,1203)",3389,3427,3751,0.9828665660192201,0.07003209804493726
etp5,20240812,"mean(净利润TTM,1260)/mean(mv,1260)",3389,3427,3752,0.9845094359085368,0.06886489641085497
pegh5,20240812,-Close/(g5_1260·EPS_TTM),2987,3144,3014,0.9394388818909455,0.0648854961832061
pegh5,20240812,-Close/(g5_1250·EPS_TTM),2987,3144,3019,0.9394586673241297,0.06424936386768448
pegh5,20240812,-Close/(g5_1203·EPS_TTM),2985,3144,3065,0.9321263813649754,0.0626590330788804
pegh5,20240812,-1/(g5_1260·EPS_TTM),2988,3144,3111,0.9310911386593371,0.05693384223918575
pegh5,20240812,-Close/(g5·EPS年报),2991,3144,3018,0.8240175317324282,0.07760814249363868
pegh5,20240812,-Close/(g5(EPS_TTM)·EPS_TTM),2813,3144,2948,0.5786301394700173,0.09446564885496184
pegh5,20240812,-1/(g5(EPS_TTM)·EPS_TTM),2814,3144,3052,0.5828745305539483,0.08810432569974555
ebitda_to_market,20240910,EBITDA_TTM/mv,5034,5291,5079,0.9017015523619744,0.04101304101304101
ebitda_to_market,20240910,EBITDA年报/mv,5034,5291,5079,0.8226157858504929,0.06218106218106218
ebitda_to_market,20240910,EBITDA_TTM/(close*总股本),5034,5291,5079,0.9017015523619744,0.04101304101304101
ebitda_to_market,20240910,EBIT_TTM+折旧摊销/mv,5034,5291,5079,0.8805100063301632,0.04517104517104517
ebitda_to_market,20240910,营业利润TTM/mv,5036,5291,5082,0.6697901375963947,0.10678510678510679
ocf_to_market,20240910,OCF_TTM/mv,4800,4888,5082,0.865254706825291,0.013297872340425532
ocf_to_market,20240910,OCF单季/mv,4800,4888,5080,0.49634003076562627,0.12459083469721767
ocf_to_market,20240910,OCF年报/mv,4800,4888,5082,0.6813269402702665,0.07988952536824877
ocf_to_market,20240910,OCF_TTM+ICF_TTM/mv,4800,4888,5082,0.4378117606472118,0.17266775777414076
ocf_to_market,20240910,OCF_TTM/(close*总股本),4800,4888,5082,0.865254706825291,0.013297872340425532
ncf_to_market,20240910,OCF+ICF+Fin(TTM)/mv,4250,4296,5082,0.7148108276321077,0.14827746741154563
ncf_to_market,20240910,OCF+ICF(TTM)/mv,4250,4296,5082,0.29802292946351244,0.22416201117318435
ncf_to_market,20240910,OCF+ICF+Fin(单季)/mv,4250,4296,5078,0.22435758655673996,0.24115456238361266
ncf_to_market,20240910,Fin(TTM)/mv,4250,4296,5082,0.17055807261221162,0.2707169459962756
cash_profit_ratio,20240910,(OCF−净利润TTM)/净利润TTM,4806,4888,5318,0.8536218136575511,0.05257774140752864
cash_profit_ratio,20240910,(OCF−归母TTM)/归母TTM,4806,4888,5318,0.7956243891021428,0.04480360065466448
cash_profit_ratio,20240910,(OCF−净利润TTM)/营业收入TTM,4806,4888,5317,0.20415797821599643,0.1895458265139116
cash_profit_ratio,20240910,OCF_TTM/净利润TTM,4806,4888,5318,0.8536218136575511,0.05257774140752864
cash_profit_ratio,20240910,(OCF−扣非TTM)/扣非TTM,4806,4888,5326,0.6275526511113231,0.06423895253682488
gpm_q,20240910,单季(差分) revenue,4953,5307,5210,0.977244520275796,0.02223478424722065
gpm_q,20240910,单季(差分) totsrev,4953,5307,5210,0.9698565326677406,0.0224232146221971
gpm_q,20240910,累计(YTD) revenue,4997,5307,5260,0.9999788298196884,0.009798379498775203
gpm_q,20240910,TTM,4966,5307,5230,0.9644303846669089,0.024119087996985113
np_ttm_qoq,20240910,归母TTM/t-63−1,4970,5203,5305,0.9324875759784284,0.016144532000768787
np_ttm_qoq,20240910,净利润TTM/t-63−1,4970,5203,5305,0.9990520272694513,0.0024985585239285027
np_ttm_qoq,20240910,归母单季/t-63−1,4970,5203,5307,0.2408382148244203,0.18056890255621758
etp5,20240910,"mean(归母年报,1260)/mean(mv,1260)",3400,3438,3799,0.98450031608236,0.07766143106457242
etp5,20240910,"mean(归母TTM,1260)/mean(mv,1260)",3400,3438,3799,0.9738672569496406,0.07693426410703898
etp5,20240910,"mean(归母年报,1203)/mean(mv,1203)",3400,3438,3797,0.982252985539898,0.07577079697498545
etp5,20240910,"mean(净利润TTM,1260)/mean(mv,1260)",3400,3438,3799,0.9847067311215878,0.07606166375799883
pegh5,20240910,-Close/(g5_1260·EPS_TTM),3031,3191,3053,0.9388352287558203,0.06518332811031025
pegh5,20240910,-Close/(g5_1250·EPS_TTM),3030,3191,3056,0.9377187621326142,0.06518332811031025
pegh5,20240910,-Close/(g5_1203·EPS_TTM),3029,3191,3069,0.9335911329664894,0.06518332811031025
pegh5,20240910,-1/(g5_1260·EPS_TTM),3036,3191,3156,0.9315247259997743,0.05515512378564713
pegh5,20240910,-Close/(g5·EPS年报),3033,3191,3057,0.7529477334004775,0.08617988091507364
pegh5,20240910,-Close/(g5(EPS_TTM)·EPS_TTM),2769,3191,2935,0.5040854307851909,0.11281729865246004
pegh5,20240910,-1/(g5(EPS_TTM)·EPS_TTM),2773,3191,3041,0.5101120605405386,0.10122218740206831
ebitda_to_market,20241105,EBITDA_TTM/mv,5043,5309,5091,0.9085914964904476,0.0423808626860049
ebitda_to_market,20241105,EBITDA年报/mv,5043,5309,5091,0.833488629892397,0.0631003955547184
ebitda_to_market,20241105,EBITDA_TTM/(close*总股本),5043,5309,5091,0.9085914964904476,0.0423808626860049
ebitda_to_market,20241105,EBIT_TTM+折旧摊销/mv,5043,5309,5091,0.8897162354016874,0.044076097193445095
ebitda_to_market,20241105,营业利润TTM/mv,5045,5309,5094,0.6845895560877496,0.10453946129214542
ocf_to_market,20241105,OCF_TTM/mv,4798,4890,5094,0.8619413451264007,0.014519427402862986
ocf_to_market,20241105,OCF单季/mv,4798,4890,5094,0.5456069170775936,0.11554192229038855
ocf_to_market,20241105,OCF年报/mv,4798,4890,5094,0.6100424202799476,0.09447852760736196
ocf_to_market,20241105,OCF_TTM+ICF_TTM/mv,4798,4890,5094,0.4231202971794445,0.17995910020449898
ocf_to_market,20241105,OCF_TTM/(close*总股本),4798,4890,5094,0.8619413451264007,0.014519427402862986
ncf_to_market,20241105,OCF+ICF+Fin(TTM)/mv,4260,4308,5094,0.7121681221526027,0.1555246053853296
ncf_to_market,20241105,OCF+ICF(TTM)/mv,4260,4308,5094,0.33693574110326435,0.20589600742804084
ncf_to_market,20241105,OCF+ICF+Fin(单季)/mv,4260,4308,5094,0.23010126457352506,0.2410631383472609
ncf_to_market,20241105,Fin(TTM)/mv,4260,4308,5094,0.1242704558327523,0.28574744661095636
cash_profit_ratio,20241105,(OCF−净利润TTM)/净利润TTM,4808,4890,5331,0.8440885265712292,0.0558282208588957
cash_profit_ratio,20241105,(OCF−归母TTM)/归母TTM,4808,4890,5331,0.774055092450143,0.050102249488752554
cash_profit_ratio,20241105,(OCF−净利润TTM)/营业收入TTM,4808,4890,5330,0.1773868710044403,0.19550102249488752
cash_profit_ratio,20241105,OCF_TTM/净利润TTM,4808,4890,5331,0.8440885265712292,0.0558282208588957
cash_profit_ratio,20241105,(OCF−扣非TTM)/扣非TTM,4808,4890,5339,0.6295795756113185,0.0687116564417178
gpm_q,20241105,单季(差分) revenue,4968,5314,5224,0.96237922631577,0.025969138125705685
gpm_q,20241105,单季(差分) totsrev,4968,5314,5224,0.9552014593958529,0.026157320286036883
gpm_q,20241105,累计(YTD) revenue,5003,5314,5266,0.999988044093069,0.00959729017689123
gpm_q,20241105,TTM,4979,5314,5243,0.9753628844374067,0.019947308995107264
np_ttm_qoq,20241105,归母TTM/t-63−1,5006,5250,5315,0.5935283089016643,0.07295238095238095
np_ttm_qoq,20241105,净利润TTM/t-63−1,5006,5250,5315,0.6196379430018056,0.06866666666666667
np_ttm_qoq,20241105,归母单季/t-63−1,5006,5250,5321,0.3274107336189817,0.1500952380952381
etp5,20241105,"mean(归母年报,1260)/mean(mv,1260)",3445,3482,3887,0.9842576103363604,0.07955198161975877
etp5,20241105,"mean(归母TTM,1260)/mean(mv,1260)",3445,3482,3887,0.9737492774268709,0.08184951177484205
etp5,20241105,"mean(归母年报,1203)/mean(mv,1203)",3445,3482,3884,0.9816589962356653,0.07869040781160253
etp5,20241105,"mean(净利润TTM,1260)/mean(mv,1260)",3445,3482,3887,0.9851456334179858,0.08041355542791499
pegh5,20241105,-Close/(g5_1260·EPS_TTM),3029,3197,3053,0.9423104322998628,0.06349702846418517
pegh5,20241105,-Close/(g5_1250·EPS_TTM),3029,3197,3056,0.9419317589480671,0.06318423522051923
pegh5,20241105,-Close/(g5_1203·EPS_TTM),3025,3197,3101,0.928279967944091,0.06193306224585549
pegh5,20241105,-1/(g5_1260·EPS_TTM),3037,3197,3157,0.9324574145898051,0.0569283703472005
pegh5,20241105,-Close/(g5·EPS年报),3035,3197,3062,0.6965833697787346,0.09383797309978105
pegh5,20241105,-Close/(g5(EPS_TTM)·EPS_TTM),2682,3197,2877,0.4355230646208,0.13152955896152643
pegh5,20241105,-1/(g5(EPS_TTM)·EPS_TTM),2690,3197,2987,0.43739054141110434,0.12073819205505161
ebitda_to_market,20241216,EBITDA_TTM/mv,5057,5323,5104,0.9114908417057839,0.04226939695660342
ebitda_to_market,20241216,EBITDA年报/mv,5057,5323,5104,0.8378666016880957,0.062370843509299265
ebitda_to_market,20241216,EBITDA_TTM/(close*总股本),5057,5323,5104,0.9114908417057839,0.04226939695660342
ebitda_to_market,20241216,EBIT_TTM+折旧摊销/mv,5057,5323,5104,0.8936492430070935,0.04377230884839376
ebitda_to_market,20241216,营业利润TTM/mv,5059,5323,5107,0.6963470366254143,0.10294946458763855
ocf_to_market,20241216,OCF_TTM/mv,4802,4890,5107,0.8626914064912853,0.014723926380368098
ocf_to_market,20241216,OCF单季/mv,4802,4890,5107,0.5484022880747731,0.1149284253578732
ocf_to_market,20241216,OCF年报/mv,4802,4890,5107,0.6127804810999589,0.09396728016359918
ocf_to_market,20241216,OCF_TTM+ICF_TTM/mv,4802,4890,5107,0.4211969581233945,0.18077709611451942
ocf_to_market,20241216,OCF_TTM/(close*总股本),4802,4890,5107,0.8626914064912853,0.014723926380368098
ncf_to_market,20241216,OCF+ICF+Fin(TTM)/mv,4262,4308,5107,0.7135216199567537,0.15506035283194058
ncf_to_market,20241216,OCF+ICF(TTM)/mv,4262,4308,5107,0.33999726568450306,0.20670844939647168
ncf_to_market,20241216,OCF+ICF+Fin(单季)/mv,4262,4308,5107,0.22583022412344106,0.24500928505106778
ncf_to_market,20241216,Fin(TTM)/mv,4262,4308,5107,0.11849771546814668,0.28818477251624885
cash_profit_ratio,20241216,(OCF−净利润TTM)/净利润TTM,4808,4890,5341,0.8440357073381419,0.05664621676891615
cash_profit_ratio,20241216,(OCF−归母TTM)/归母TTM,4808,4890,5341,0.7740046330346791,0.05112474437627812
cash_profit_ratio,20241216,(OCF−净利润TTM)/营业收入TTM,4808,4890,5340,0.1777039751279122,0.19498977505112475
cash_profit_ratio,20241216,OCF_TTM/净利润TTM,4808,4890,5341,0.8440357073381419,0.05664621676891615
cash_profit_ratio,20241216,(OCF−扣非TTM)/扣非TTM,4808,4890,5349,0.6296616683728434,0.06932515337423313
gpm_q,20241216,单季(差分) revenue,4980,5319,5236,0.9623309009598082,0.025944726452340666
gpm_q,20241216,单季(差分) totsrev,4980,5319,5236,0.9551703340807446,0.025944726452340666
gpm_q,20241216,累计(YTD) revenue,5007,5319,5270,0.9995610176507039,0.009776273735664599
gpm_q,20241216,TTM,4988,5319,5252,0.9767340551666942,0.019834555367550293
np_ttm_qoq,20241216,归母TTM/t-63−1,5006,5253,5323,0.9157743122393809,0.018084903864458404
np_ttm_qoq,20241216,净利润TTM/t-63−1,5006,5253,5323,0.997902520004721,0.014848657909765849
np_ttm_qoq,20241216,归母单季/t-63−1,5006,5253,5323,0.2813729525100206,0.16914144298496098
etp5,20241216,"mean(归母年报,1260)/mean(mv,1260)",3462,3499,3950,0.9838618228151464,0.08516719062589312
etp5,20241216,"mean(归母TTM,1260)/mean(mv,1260)",3462,3499,3950,0.9734433102299349,0.0871677622177765
etp5,20241216,"mean(归母年报,1203)/mean(mv,1203)",3462,3499,3945,0.9814072365897651,0.08259502715061447
etp5,20241216,"mean(净利润TTM,1260)/mean(mv,1260)",3462,3499,3950,0.9855753552567325,0.08659617033438125
pegh5,20241216,-Close/(g5_1260·EPS_TTM),3047,3212,3071,0.9426193018591735,0.062266500622665005
pegh5,20241216,-Close/(g5_1250·EPS_TTM),3047,3212,3078,0.9405643833590911,0.06257783312577833
pegh5,20241216,-Close/(g5_1203·EPS_TTM),3045,3212,3146,0.9260649193353542,0.06102117061021171
pegh5,20241216,-1/(g5_1260·EPS_TTM),3052,3212,3172,0.937172613377565,0.05323785803237858
pegh5,20241216,-Close/(g5·EPS年报),3053,3212,3080,0.6964430065188192,0.09308841843088418
pegh5,20241216,-Close/(g5(EPS_TTM)·EPS_TTM),2663,3212,2889,0.4221242153419559,0.13605230386052303
pegh5,20241216,-1/(g5(EPS_TTM)·EPS_TTM),2667,3212,3008,0.4281128550707864,0.12017434620174346
