factor,variant,n_days,spearman_med,spearman_min,gap_med,gap_max,pass_sp,pass_user,通过
cash_profit_ratio,(OCF−净利润TTM)/净利润TTM,4,0.7599723412400442,0.7379844498899925,0.05431808566307046,0.06666666666666667,False,False,False
cash_profit_ratio,OCF_TTM/净利润TTM,4,0.7599723412400442,0.7379844498899925,0.05431808566307046,0.06666666666666667,False,False,False
cash_profit_ratio,(OCF−归母TTM)/归母TTM,4,0.713042302817858,0.6927027249520321,0.04782519068233354,0.06181434599156118,False,False,False
cash_profit_ratio,(OCF−扣非TTM)/扣非TTM,4,0.5943071887674625,0.5813405660657877,0.07390228818800247,0.08565400843881857,False,False,False
cash_profit_ratio,(OCF−净利润TTM)/营业收入TTM,4,0.19102825903940293,0.16154799849906434,0.19150266550809047,0.19521748093176663,False,False,False
ebitda_to_market,EBITDA_TTM/(close*总股本),4,0.9463889192371113,0.8765129308564518,0.030613431100777966,0.044359464627151055,False,False,False
ebitda_to_market,EBITDA_TTM/mv,4,0.9463889192371113,0.8765129308564518,0.030613431100777966,0.044359464627151055,False,False,False
ebitda_to_market,EBIT_TTM+折旧摊销/mv,4,0.9173674403077188,0.8702031175022521,0.03698274471859378,0.0491395793499044,False,False,False
ebitda_to_market,EBITDA年报/mv,4,0.905848856016086,0.78218291721104,0.04193820978270589,0.07036328871892926,False,False,False
ebitda_to_market,营业利润TTM/mv,4,0.7020142417256039,0.661595796090682,0.09831864036266552,0.11051625239005736,False,False,False
etp5,"mean(净利润TTM,1260)/mean(mv,1260)",4,0.9845642561008174,0.9837415177977735,0.0701271325634614,0.07659084365102217,False,False,False
etp5,"mean(归母年报,1260)/mean(mv,1260)",4,0.9842821131859241,0.9838306370520483,0.07532359660905952,0.07716671465591707,False,False,False
etp5,"mean(归母年报,1203)/mean(mv,1203)",4,0.9831868193330944,0.981820780948878,0.07020432224432988,0.07572703714367982,False,False,False
etp5,"mean(归母TTM,1260)/mean(mv,1260)",4,0.9740052964532946,0.9737771392542204,0.07428652016989003,0.07803052116325943,False,False,False
gpm_q,累计(YTD) revenue,4,0.9999805282977245,0.9999774813868225,0.009263548220288473,0.009787314135140222,True,True,True
gpm_q,单季(差分) revenue,4,0.9885830914098344,0.9647387088307038,0.017061921803659126,0.02808349146110057,False,False,False
gpm_q,单季(差分) totsrev,4,0.9808084638846468,0.9580030710089278,0.01725060218411424,0.028273244781783682,False,False,False
gpm_q,TTM,4,0.95146084596088,0.9374186980163309,0.027635494250401082,0.031208624929071307,False,False,False
ncf_to_market,OCF+ICF+Fin(TTM)/mv,4,0.5346907810418394,0.48981048399380755,0.1694141366223909,0.19508670520231214,False,False,False
ncf_to_market,OCF+ICF+Fin(单季)/mv,4,0.2013877677366458,0.18981965465275485,0.26019924098671726,0.2658959537572254,False,False,False
ncf_to_market,OCF+ICF(TTM)/mv,4,0.18283965720190073,0.17928030381990492,0.24525616698292219,0.2709537572254335,False,False,False
ncf_to_market,Fin(TTM)/mv,4,0.15897042236850173,0.11159147503194362,0.2713472485768501,0.30166184971098264,False,False,False
np_ttm_qoq,净利润TTM/t-63−1,4,0.7744641007029147,0.04592323054364419,0.052901697591788394,0.5553315863737149,False,False,False
np_ttm_qoq,归母TTM/t-63−1,4,0.7451693316108203,0.04592323054364419,0.056257402289774966,0.5553315863737149,False,False,False
np_ttm_qoq,归母单季/t-63−1,4,0.19026828557735634,0.045919180412317455,0.20030596131069878,0.5533158637371498,False,False,False
np_ttm_qoq,归母TTM/prev_report−1,2,0.021762307749946076,0.001407732169455518,0.5348522295856113,0.5488551125148046,False,False,False
np_ttm_qoq,归母单季/上季−1,2,0.01850348205633033,0.001407732169455518,0.5344783788655391,0.5496446900908014,False,False,False
ocf_to_market,OCF_TTM/(close*总股本),4,0.760865414345886,0.7532033641813045,0.023809523809523808,0.03243470935130581,False,False,False
ocf_to_market,OCF_TTM/mv,4,0.760865414345886,0.7532033641813045,0.023809523809523808,0.03243470935130581,False,False,False
ocf_to_market,OCF年报/mv,4,0.6703046048351011,0.6405310989309511,0.0758694825944066,0.10404380791912385,False,False,False
ocf_to_market,OCF单季/mv,4,0.4442454933255074,0.37773918123550926,0.15503342270251647,0.1805813234384663,False,False,False
ocf_to_market,OCF_TTM+ICF_TTM/mv,4,0.392800391729177,0.3885160030928307,0.17346798549306147,0.18355096882898062,False,False,False
pegh5,-Close/(g5_1260·EPS_TTM),4,0.9367318291811588,0.9344738315952023,0.0647222097070207,0.06561014263074486,False,False,False
pegh5,-Close/(g5_1250·EPS_TTM),4,0.9353086786639857,0.9180490419875917,0.0647222097070207,0.06719492868462758,False,False,False
pegh5,-1/(g5_1260·EPS_TTM),4,0.9298929903892872,0.9281911671638043,0.05763112170720532,0.05861739407454603,False,False,False
pegh5,-Close/(g5_1203·EPS_TTM),4,0.9247452487881866,0.5932162066787632,0.06376649132537048,0.09445324881141046,False,False,False
pegh5,-Close/(g5·EPS年报),4,0.7865064423719171,0.7268133019314252,0.08248268437765907,0.09171131421367791,False,False,False
pegh5,-1/(g5(EPS_TTM)·EPS_TTM),4,0.540225821377051,0.3698057021494738,0.09901620290021798,0.1393003466750709,False,False,False
pegh5,-Close/(g5(EPS_TTM)·EPS_TTM),4,0.5302618851971985,0.3543553049880112,0.10958141020173791,0.15190671289000945,False,False,False
