factor,family,verdict,n_overlap,n_official,coverage,max_abs_err,p99_abs_err,mean_abs_err,rel_err,corr,official_mag,verdict_robust,p99_rel_err,med_rel_err,mean_rel_err,verdict_med,note
amount_ma_20d,qdata_liquidity,EXACT,306,306,1.0,9.5367431640625e-07,9.5367431640625e-07,1.8348880842620252e-07,3.552847827854771e-16,1.0,2684253203.66756,EXACT,3.552847827854771e-16,0.0,6.835748884475478e-17,EXACT,
avg_turnover_5d,qdata_liquidity,EXACT,306,306,1.0,3.469446951953614e-18,3.469446951953614e-18,8.900378618573813e-19,4.130499358386268e-16,0.9999999999999998,0.008399582352941175,EXACT,4.130499358386268e-16,1.032624839596567e-16,1.0596215674291568e-16,EXACT,
avg_turnover_10d,qdata_liquidity,EXACT,306,306,1.0,3.469446951953614e-18,3.469446951953614e-18,5.272198799537354e-19,4.18000521962958e-16,1.0,0.008300101960784314,EXACT,4.18000521962958e-16,0.0,6.351968716103772e-17,EXACT,
avg_turnover_20d,qdata_liquidity,EXACT,306,306,1.0,3.469446951953614e-18,3.469446951953614e-18,5.442269728554689e-19,4.3098601800113035e-16,0.9999999999999998,0.00805002205882353,EXACT,4.3098601800113035e-16,0.0,6.760564988253025e-17,EXACT,
turnover_ma_20d_120d,qdata_liquidity,EXACT,306,306,1.0,4.9705350946283033e-11,4.9466108986706556e-11,2.4545000745035478e-11,4.172709526965577e-11,1.0,1.1912008402470589,EXACT,4.152625427669034e-11,1.9790699395918853e-11,2.0605258085567475e-11,EXACT,
avg_turnover_21d,qdata_liquidity,GOOD,306,306,1.0,4.761905106343001e-11,4.761904846134479e-11,2.5365701797428046e-11,5.9237589836303355e-09,1.0,0.008038654373856209,GOOD,5.92375865993372e-09,2.9618794918151677e-09,3.1554661536293803e-09,GOOD,
avg_turnover_42d,qdata_liquidity,GOOD,306,306,1.0,4.761904932870653e-11,4.761904846134479e-11,2.536570183852852e-11,6.197214349871072e-09,0.9999999999999998,0.007683944211111111,GOOD,6.197214236991317e-09,3.0986072313754134e-09,3.3011304014739323e-09,GOOD,
avg_turnover_126d,qdata_liquidity,GOOD,306,306,1.0,4.92063507995244e-11,4.920634988879458e-11,2.4348998891716726e-11,6.691919060376769e-09,1.0,0.007353100113071896,GOOD,6.691918936520191e-09,3.238025009334624e-09,3.3113922722785385e-09,GOOD,
avg_turnover_252d,qdata_liquidity,GOOD,306,306,1.0,4.920634993216266e-11,4.9206349064800925e-11,2.5614690338553353e-11,6.745773688527022e-09,1.0,0.007294396788888889,GOOD,6.745773569619076e-09,3.4816896955559884e-09,3.511557032045563e-09,GOOD,
avg_turnover_63d,qdata_liquidity,GOOD,306,306,1.0,4.92063507995244e-11,4.9206349064800925e-11,2.3503475440172588e-11,6.844495178443441e-09,1.0,0.007189186275490196,GOOD,6.84449493714722e-09,3.3118523967259524e-09,3.2692817433736615e-09,GOOD,
std_turnover_252d,qdata_liquidity,GOOD,306,306,1.0,4.9840658943728355e-11,4.9355254735580775e-11,2.605389716209399e-11,1.2586169957952122e-08,1.0,0.0039599543872549025,GOOD,1.2463591725811406e-08,6.671501851061956e-09,6.57934274342865e-09,GOOD,
std_turnover_126d,qdata_liquidity,GOOD,306,306,1.0,4.99717663082766e-11,4.969634402347128e-11,2.5214551206825355e-11,1.3452860459841119e-08,1.0,0.0037145829660130717,GOOD,1.337871424011058e-08,6.801183869508927e-09,6.78798977907568e-09,GOOD,
std_turnover_42d,qdata_liquidity,GOOD,306,306,1.0,4.9986808529217663e-11,4.7543614867511655e-11,2.4610188876500457e-11,1.699837757025869e-08,1.0,0.002940681151633987,GOOD,1.616755180720429e-08,8.759697798255736e-09,8.368873606996062e-09,GOOD,
std_turnover_21d,qdata_liquidity,GOOD,306,306,1.0,4.990052251616084e-11,4.969970715897921e-11,2.4762024879874986e-11,1.966593551558097e-08,1.0,0.0025374090379084967,GOOD,1.958679362155384e-08,9.813702044334881e-09,9.758783274566372e-09,GOOD,
std_turnover_63d,qdata_liquidity,GOOD,255,255,1.0,4.988920431284183e-11,4.9741970794062176e-11,2.471921537712366e-11,2.0315766850460816e-08,0.9999999999999994,0.0024556889572549022,GOOD,2.0255810756125383e-08,9.7906634649963e-09,1.006610194018875e-08,GOOD,
turnover_ma_20d,qdata_liquidity,GOOD,306,306,1.0,4.962771930601753e-11,4.8896110972667566e-11,2.4474911632151634e-11,4.907397241811602e-08,0.9999999999999999,0.0010112839222222224,GOOD,4.835052738228246e-08,2.3435295862914616e-08,2.4201820175653348e-08,GOOD,
sum_abs_rtn_amount_20d,qdata_liquidity,GOOD,306,306,1.0,3.360000924929399e-08,2.7136918176375725e-08,4.5683375669982e-09,3.200264119295358e-05,0.9999999999890229,0.0010499136320252255,GOOD,2.584681001239131e-05,2.3151745290958224e-06,4.351155588089783e-06,GOOD,
