factor,family,verdict,n_overlap,n_official,coverage,max_abs_err,p99_abs_err,mean_abs_err,rel_err,corr,official_mag,verdict_robust,p99_rel_err,med_rel_err,mean_rel_err,verdict_med,note,variant,chosen
avg_turnover_5d,qdata_liquidity,EXACT,438,438,1.0,3.469446951953614e-18,3.469446951953614e-18,8.985511155530551e-19,4.385618217625717e-16,0.9999999999999998,0.007910964383561644,EXACT,4.385618217625717e-16,1.0964045544064292e-16,1.1358300606436467e-16,EXACT,,turnover_rate%,True
avg_turnover_5d,qdata_liquidity,GOOD,438,438,1.0,3.707842364400818e-07,3.5197502852630024e-07,1.0454704596548068e-07,4.686966322469382e-05,0.9999999996358161,0.007910964383561644,GOOD,4.4492050710995035e-05,1.146521461979342e-05,1.3215461591853598e-05,GOOD,,vol/float_share,False
avg_turnover_5d,qdata_liquidity,FAIL,438,438,1.0,0.0054606061046957345,0.004378418956813198,0.0006579616048124608,0.6902579559127381,0.9837775781026907,0.007910964383561644,FAIL,0.5534620995022055,0.015356963048655048,0.08317084655059917,FAIL,,vol/total_share,False
avg_turnover_5d,qdata_liquidity,FAIL,438,438,1.0,0.02739828876961172,0.02341543464637123,0.006860305352990538,3.4633310733319935,0.8677218160851509,0.007910964383561644,FAIL,2.959871074002892,0.7099878656425819,0.8671895132337731,FAIL,,vol/free_share,False
avg_turnover_5d,qdata_liquidity,FAIL,438,438,1.0,0.027398400000000003,0.02341552799999999,0.006860306392694063,3.463345133613761,0.8677232001234126,0.007910964383561644,FAIL,2.9598828745399994,0.7100019324661938,0.8671896446594091,FAIL,,turnover_rate_f%,False
avg_turnover_10d,qdata_liquidity,EXACT,438,438,1.0,3.469446951953614e-18,3.469446951953614e-18,4.802174005986024e-19,4.3991172136685625e-16,1.0,0.007886689041095891,EXACT,4.3991172136685625e-16,0.0,6.088960755220469e-17,EXACT,,turnover_rate%,True
avg_turnover_10d,qdata_liquidity,GOOD,438,438,1.0,3.0340747103271837e-07,2.5783620940126274e-07,7.541850319271129e-08,3.847082970454716e-05,0.9999999997745178,0.007886689041095891,GOOD,3.269257961835848e-05,7.923914563485872e-06,9.56275856696279e-06,GOOD,,vol/float_share,False
avg_turnover_10d,qdata_liquidity,FAIL,438,438,1.0,0.004086921000053194,0.003919338522480213,0.0006515720980201469,0.5182049119417669,0.9818859238319277,0.007886689041095891,FAIL,0.49695613736732336,0.015979391482360317,0.08261668421627132,FAIL,,vol/total_share,False
avg_turnover_10d,qdata_liquidity,FAIL,438,438,1.0,0.023470900000000003,0.022788594000000002,0.0068610981735159815,2.9760143803943633,0.8518546893080948,0.007886689041095891,FAIL,2.8895007627729954,0.7862805250323808,0.8699592614548679,FAIL,,turnover_rate_f%,False
avg_turnover_10d,qdata_liquidity,FAIL,438,438,1.0,0.023470835696249387,0.022788523165596986,0.006861096981167499,2.976006226941085,0.8518533529909867,0.007886689041095891,FAIL,2.889491781259632,0.7862871132963766,0.869959110269944,FAIL,,vol/free_share,False
avg_turnover_20d,qdata_liquidity,EXACT,438,438,1.0,3.469446951953614e-18,3.469446951953614e-18,5.257637932326967e-19,4.4017231141296406e-16,1.0,0.007882019977168949,EXACT,4.4017231141296406e-16,0.0,6.670419445213582e-17,EXACT,,turnover_rate%,True
avg_turnover_20d,qdata_liquidity,GOOD,438,438,1.0,1.9903044865595548e-07,1.7606824888383164e-07,5.425373558972454e-08,2.5251198199505567e-05,0.9999999998690992,0.007882019977168949,GOOD,2.2337960242911176e-05,5.655035854931803e-06,6.8832273639087264e-06,GOOD,,vol/float_share,False
avg_turnover_20d,qdata_liquidity,FAIL,438,438,1.0,0.003479028468370088,0.003298035106724268,0.0006478864307532227,0.4413879282782127,0.9804515833840215,0.007882019977168949,FAIL,0.418425113901938,0.01580497739838254,0.08219801936938625,FAIL,,vol/total_share,False
avg_turnover_20d,qdata_liquidity,FAIL,438,438,1.0,0.020029400000000003,0.019703226,0.006899402625570776,2.5411506261107104,0.8378153094232595,0.007882019977168949,FAIL,2.499768594481154,0.7440288171036054,0.8753343236322134,FAIL,,turnover_rate_f%,False
avg_turnover_20d,qdata_liquidity,FAIL,438,438,1.0,0.020029331054938523,0.01970316649314071,0.006899404597098501,2.541141878979686,0.8378140519057652,0.007882019977168949,FAIL,2.4997610447845706,0.7440325748593021,0.8753345737619683,FAIL,,vol/free_share,False
avg_turnover_21d,qdata_liquidity,GOOD,438,438,1.0,4.761905106343001e-11,4.761904846134479e-11,1.88302430947512e-11,6.034188741601438e-09,0.9999999999999998,0.007891541531528594,GOOD,6.034188411870522e-09,2.4136751449275986e-09,2.386129885969665e-09,GOOD,,turnover_rate%,True
avg_turnover_21d,qdata_liquidity,GOOD,438,438,1.0,1.9422490117517593e-07,1.6668132304217125e-07,5.3060070170772744e-08,2.4611782171987697e-05,0.9999999998758565,0.007891541531528594,GOOD,2.112151629390019e-05,5.746131720753343e-06,6.723663552778008e-06,GOOD,,vol/float_share,False
avg_turnover_21d,qdata_liquidity,FAIL,438,438,1.0,0.0034550643641124805,0.003281836141404284,0.0006485816206636759,0.43781868856783845,0.9803789923959847,0.007891541531528594,FAIL,0.415867562540546,0.015907280334321906,0.08218693623703777,FAIL,,vol/total_share,False
avg_turnover_21d,qdata_liquidity,FAIL,438,438,1.0,0.019853380990476194,0.01954280051480952,0.006908019242552728,2.5157798271931022,0.8369421796128492,0.007891541531528594,FAIL,2.4764237046376,0.7415625207790041,0.875370067426439,FAIL,,turnover_rate_f%,False
avg_turnover_21d,qdata_liquidity,FAIL,438,438,1.0,0.019853322969134415,0.019542699619405277,0.006908021503343015,2.5157724748473598,0.8369409135611523,0.007891541531528594,FAIL,2.476410919378365,0.7415660222033662,0.8753703539091594,FAIL,,vol/free_share,False
avg_turnover_42d,qdata_liquidity,GOOD,438,438,1.0,4.761904932870653e-11,4.761904846134479e-11,1.8873728842834878e-11,6.119559431281105e-09,0.9999999999999993,0.0077814505869971875,GOOD,6.119559319815804e-09,2.447823504995718e-09,2.4254769251343573e-09,GOOD,,turnover_rate%,True
avg_turnover_42d,qdata_liquidity,GOOD,438,438,1.0,1.1643181372505973e-07,9.929454374381537e-08,3.5496812881242626e-08,1.4962738942224657e-05,0.9999999999430603,0.0077814505869971875,GOOD,1.2760415636351486e-05,4.279321443310752e-06,4.561721813225652e-06,GOOD,,vol/float_share,False
avg_turnover_42d,qdata_liquidity,FAIL,438,438,1.0,0.0030416379442148676,0.003005512856858741,0.000638763011669025,0.3908831534954997,0.979453268239261,0.0077814505869971875,FAIL,0.3862406916624204,0.016033271951992955,0.08208790951347796,FAIL,,vol/total_share,False
avg_turnover_42d,qdata_liquidity,FAIL,438,438,1.0,0.01838130948571428,0.018178369038618872,0.0068152396173950715,2.362195747465064,0.8259527449213719,0.0077814505869971875,FAIL,2.3361157197341775,0.744557590239073,0.8758315099736473,FAIL,,turnover_rate_f%,False
avg_turnover_42d,qdata_liquidity,FAIL,438,438,1.0,0.0183812680394368,0.018178341237622655,0.006815245393154816,2.362190421173132,0.8259516782029925,0.0077814505869971875,FAIL,2.3361121470074853,0.7445577929779249,0.8758322522208262,FAIL,,vol/free_share,False
avg_turnover_63d,qdata_liquidity,GOOD,438,438,1.0,4.92063507995244e-11,4.9206349064800925e-11,1.7605339030893925e-11,6.629707151658675e-09,0.9999999999999998,0.007422100203508016,GOOD,6.629706917934604e-09,2.1386151008899263e-09,2.3720158106424993e-09,GOOD,,turnover_rate%,True
avg_turnover_63d,qdata_liquidity,GOOD,438,438,1.0,8.449814996053934e-08,7.227811686988729e-08,2.4990921407987928e-08,1.13846684420404e-05,0.9999999999706628,0.007422100203508016,GOOD,9.738229731218856e-06,3.1750608688347898e-06,3.367095663323988e-06,GOOD,,vol/float_share,False
avg_turnover_63d,qdata_liquidity,FAIL,438,438,1.0,0.002905170673823584,0.0028887356284511344,0.0006169271813528604,0.39142164537882024,0.9803634169175546,0.007422100203508016,FAIL,0.3892073064556295,0.016288795338570215,0.08312029808776673,FAIL,,vol/total_share,False
avg_turnover_63d,qdata_liquidity,FAIL,438,438,1.0,0.015912126984127143,0.01583819460317495,0.006469790062491839,2.1438846886769816,0.8308671096506111,0.007422100203508016,FAIL,2.133923575390307,0.7684397097596144,0.8716926321520057,FAIL,,turnover_rate_f%,False
avg_turnover_63d,qdata_liquidity,FAIL,438,438,1.0,0.015912113015355743,0.015838184465081416,0.0064697995792375815,2.143882806625942,0.8308663711262853,0.007422100203508016,FAIL,2.133922209457046,0.7684421657553343,0.8716939143693675,FAIL,,vol/free_share,False
avg_turnover_126d,qdata_liquidity,GOOD,438,438,1.0,4.92063507995244e-11,4.9206349064800925e-11,1.8011225910841004e-11,6.765639330861836e-09,1.0,0.0072729787080234864,GOOD,6.765639092345604e-09,2.18246412908491e-09,2.4764579457617794e-09,GOOD,,turnover_rate%,True
avg_turnover_126d,qdata_liquidity,GOOD,438,438,1.0,3.438017265842974e-08,3.2720611167370154e-08,1.2209599533145082e-08,4.727110313206587e-06,0.9999999999940501,0.0072729787080234864,GOOD,4.498928496968245e-06,1.4736819427655527e-06,1.6787618970581557e-06,GOOD,,vol/float_share,False
avg_turnover_126d,qdata_liquidity,FAIL,438,438,1.0,0.003535458378505269,0.0034960542292118302,0.0006615212667383797,0.48610872112205994,0.9888090351241209,0.0072729787080234864,FAIL,0.48069083790318456,0.014584139184415444,0.09095602961254311,FAIL,,vol/total_share,False
avg_turnover_126d,qdata_liquidity,FAIL,438,438,1.0,0.01260157142857157,0.01239499174603181,0.0060938829829238214,1.7326561694274762,0.8938020279725224,0.0072729787080234864,FAIL,1.7042524450618513,0.7741337026460267,0.8378799426706837,FAIL,,turnover_rate_f%,False
avg_turnover_126d,qdata_liquidity,FAIL,438,438,1.0,0.012601577903591288,0.012394987869123767,0.006093890578172666,1.7326570597119084,0.8938018181190027,0.0072729787080234864,FAIL,1.7042519120054243,0.7741337553501186,0.8378809869812955,FAIL,,vol/free_share,False
avg_turnover_252d,qdata_liquidity,GOOD,438,438,1.0,4.920634993216266e-11,4.9206349064800925e-11,1.9051310869163824e-11,6.662539388032301e-09,1.0,0.00738552480763572,GOOD,6.662539270591528e-09,2.579047395180813e-09,2.5795473396104666e-09,GOOD,,turnover_rate%,True
avg_turnover_252d,qdata_liquidity,GOOD,438,438,1.0,2.273809180872166e-08,2.091669898399845e-08,6.7925289275746e-09,3.078737449397406e-06,0.9999999999982638,0.00738552480763572,GOOD,2.832120875468886e-06,8.08905950647733e-07,9.197083625732276e-07,GOOD,,vol/float_share,False
avg_turnover_252d,qdata_liquidity,FAIL,438,438,1.0,0.003228899050536981,0.003211567081421038,0.0006768597081131598,0.43719290566849073,0.989578800474821,0.00738552480763572,FAIL,0.4348461571885419,0.014349506298860327,0.09164679907558777,FAIL,,vol/total_share,False
avg_turnover_252d,qdata_liquidity,FAIL,438,438,1.0,0.011718190450793654,0.011636205749856923,0.006093927518957019,1.5866428934987116,0.905399920464452,0.00738552480763572,FAIL,1.5755421656463093,0.7747079793279508,0.8251177374228912,FAIL,,turnover_rate_f%,False
avg_turnover_252d,qdata_liquidity,FAIL,438,438,1.0,0.011718200897506076,0.011636217367806264,0.006093936255982092,1.5866443079834902,0.9053997433843539,0.00738552480763572,FAIL,1.5755437387165572,0.7747089101452347,0.8251189204160163,FAIL,,vol/free_share,False
std_turnover_21d,qdata_liquidity,GOOD,438,438,1.0,4.990052251616084e-11,4.9232361886255086e-11,1.817450821673956e-11,1.882366605400632e-08,1.0,0.0026509460151382305,GOOD,1.8571619944394802e-08,6.29072562969254e-09,6.855857536499803e-09,GOOD,,turnover_rate%|ddof1,True
std_turnover_21d,qdata_liquidity,GOOD,438,438,1.0,1.8219554248567922e-07,1.6359720695194027e-07,4.891433685038014e-08,6.872849973000256e-05,0.9999999996136898,0.0026509460151382305,GOOD,6.171276443115711e-05,1.3921966338773846e-05,1.8451653323400313e-05,GOOD,,vol/float_share|ddof1,False
std_turnover_21d,qdata_liquidity,FAIL,438,438,1.0,0.0016715541944650981,0.001658157579323153,0.00022981518893621722,0.6305500696429448,0.9887727470910905,0.0026509460151382305,FAIL,0.6254965472153119,0.014732818437033347,0.08669176498648305,FAIL,,vol/total_share|ddof1,False
std_turnover_21d,qdata_liquidity,FAIL,438,438,1.0,0.00021709585386861865,0.00021535541150728528,6.388760613464621e-05,0.0818937287401903,1.0,0.0026509460151382305,FAIL,0.0812371924126323,0.017088924657749523,0.024099927259859672,FAIL,,turnover_rate%|ddof0,False
std_turnover_21d,qdata_liquidity,FAIL,438,438,1.0,0.00021717791330411185,0.00021544217293682593,6.388917568432613e-05,0.08192468351445752,0.9999999996136892,0.0026509460151382305,FAIL,0.08126992089108685,0.017091957608129756,0.024100519331396005,FAIL,,vol/float_share|ddof0,False
std_turnover_21d,qdata_liquidity,FAIL,438,438,1.0,0.001848365676024412,0.001833551511226096,0.0002881570028849788,0.6972475733075354,0.9887727470910901,0.0026509460151382305,FAIL,0.6916593173740989,0.040408592601039586,0.10869968729633041,FAIL,,vol/total_share|ddof0,False
std_turnover_21d,qdata_liquidity,FAIL,438,438,1.0,0.008605168877454814,0.007966091007504467,0.0021891153578350196,3.2460747326859867,0.9060351692484414,0.0026509460151382305,FAIL,3.0049993330735876,0.6026067800777488,0.8257864722005177,FAIL,,turnover_rate_f%|ddof0,False
std_turnover_21d,qdata_liquidity,FAIL,438,438,1.0,0.008605107724503049,0.007966029522145835,0.0021891078278405986,3.246051664335513,0.9060336939591068,0.0026509460151382305,FAIL,3.004976139331323,0.6026239591984315,0.8257836317072078,FAIL,,vol/free_share|ddof0,False
std_turnover_21d,qdata_liquidity,FAIL,438,438,1.0,0.008961628429155181,0.008296076245731983,0.0023086410441697405,3.3805397688145256,0.9060351692484413,0.0026509460151382305,FAIL,3.1294776273666947,0.6292039451398029,0.8708744089793768,FAIL,,turnover_rate_f%|ddof1,False
std_turnover_21d,qdata_liquidity,FAIL,438,438,1.0,0.00896156576602659,0.008296013241987707,0.0023086333282215307,3.3805161307893705,0.9060336939591062,0.0026509460151382305,FAIL,3.129453860853187,0.6292215485001866,0.8708714983398671,FAIL,,vol/free_share|ddof1,False
std_turnover_42d,qdata_liquidity,GOOD,438,438,1.0,4.9986808529217663e-11,4.753672447647614e-11,1.8251453694411662e-11,1.7033669171239618e-08,1.0,0.0029345884334549335,GOOD,1.6198770476482272e-08,5.5694618131908806e-09,6.219425349851857e-09,GOOD,,turnover_rate%|ddof1,True
std_turnover_42d,qdata_liquidity,GOOD,438,438,1.0,1.0507900354700395e-07,9.570412714810655e-08,4.115876486623075e-08,3.580706662272669e-05,0.9999999997313445,0.0029345884334549335,GOOD,3.2612452927660694e-05,1.41099191178545e-05,1.4025395996594296e-05,GOOD,,vol/float_share|ddof1,False
std_turnover_42d,qdata_liquidity,FAIL,438,438,1.0,8.968059753006359e-05,8.86384154442916e-05,3.5146037425202225e-05,0.030559855176857397,0.9999999999999993,0.0029345884334549335,FAIL,0.030204717783861877,0.009599000897602352,0.011976479231135075,APPROX,,turnover_rate%|ddof0,False
std_turnover_42d,qdata_liquidity,FAIL,438,438,1.0,8.97419444101594e-05,8.870841372907783e-05,3.514477616203429e-05,0.030580759941353994,0.9999999997313448,0.0029345884334549335,FAIL,0.03022857062945625,0.009600528938812898,0.011976049438952445,APPROX,,vol/float_share|ddof0,False
std_turnover_42d,qdata_liquidity,FAIL,438,438,1.0,0.001389478622664547,0.0013733393347480222,0.00024277854254000272,0.47348330240254294,0.9850022856098777,0.0029345884334549335,FAIL,0.46798362560543794,0.014254114700974431,0.08273001412132468,FAIL,,vol/total_share|ddof1,False
std_turnover_42d,qdata_liquidity,FAIL,438,438,1.0,0.0014625181194765722,0.0014455299543021376,0.000275012192955382,0.4983724814026914,0.985002285609878,0.0029345884334549335,FAIL,0.49258353840108826,0.026583337188011577,0.09371405878254832,FAIL,,vol/total_share|ddof0,False
std_turnover_42d,qdata_liquidity,FAIL,438,438,1.0,0.008052617462105829,0.007441749442072129,0.0024695022836730873,2.744036393759436,0.8772856279341134,0.0029345884334549335,FAIL,2.535874999449531,0.6216088130868845,0.8415157149534958,FAIL,,turnover_rate_f%|ddof0,False
std_turnover_42d,qdata_liquidity,FAIL,438,438,1.0,0.00805255269203347,0.007441692265674532,0.002469500271402692,2.7440143224966924,0.8772848868184939,0.0029345884334549335,FAIL,2.535855515832358,0.6216184421637609,0.8415150292456218,FAIL,,vol/free_share|ddof0,False
std_turnover_42d,qdata_liquidity,FAIL,438,438,1.0,0.008215002187105918,0.0075918158418580685,0.0025350088052862856,2.7993711463771693,0.8772856279341131,0.0029345884334549335,FAIL,2.587012119079374,0.6348856572677366,0.8638379325654818,FAIL,,turnover_rate_f%|ddof1,False
std_turnover_42d,qdata_liquidity,FAIL,438,438,1.0,0.008214936631913104,0.007591757972387922,0.002535006768623843,2.799348807574199,0.8772848868184935,0.0029345884334549335,FAIL,2.5869923992885213,0.6348954030649577,0.8638372385456937,FAIL,,vol/free_share|ddof1,False
std_turnover_63d,qdata_liquidity,GOOD,365,365,1.0,4.988920431284183e-11,4.9608371750775594e-11,1.8432001058981212e-11,2.0686703337166186e-08,0.9999999999999994,0.0024116556176067834,GOOD,2.0570255300383506e-08,6.420232936703179e-09,7.642882725217742e-09,GOOD,,turnover_rate%|ddof1,True
std_turnover_63d,qdata_liquidity,GOOD,365,365,1.0,9.264258547781422e-08,8.570850162211745e-08,3.3980969571757257e-08,3.841451689928617e-05,0.999999999571747,0.0024116556176067834,GOOD,3.553927890714788e-05,1.3704009804458775e-05,1.4090307639147257e-05,GOOD,,vol/float_share|ddof1,False
std_turnover_63d,qdata_liquidity,FAIL,365,365,1.0,3.7652824211756135e-05,3.6431276248656414e-05,1.9194785850204273e-05,0.015612852820636586,0.9999999995717465,0.0024116556176067834,FAIL,0.015106334413040757,0.006846770336466957,0.007959173652352693,APPROX,,vol/float_share|ddof0,False
std_turnover_63d,qdata_liquidity,FAIL,365,365,1.0,3.763672694748893e-05,3.647515752648996e-05,1.9216683947819665e-05,0.015606178043297034,1.0,0.0024116556176067834,FAIL,0.01512452991222944,0.006852745764319022,0.00796825376207297,APPROX,,turnover_rate%|ddof0,False
std_turnover_63d,qdata_liquidity,FAIL,365,365,1.0,0.0002872465658147825,0.0002851642508866418,7.073313256988381e-05,0.11910762204921814,0.9970326299766328,0.0024116556176067834,FAIL,0.11824418412178839,0.015966151631367647,0.02932969867400725,FAIL,,vol/total_share|ddof1,False
std_turnover_63d,qdata_liquidity,FAIL,365,365,1.0,0.0002975342312318762,0.0002953776755263985,8.937933684429828e-05,0.1233734323672364,0.9970326299766324,0.0024116556176067834,FAIL,0.12247921028605144,0.02481146176361418,0.037061401384080796,FAIL,,vol/total_share|ddof0,False
std_turnover_63d,qdata_liquidity,FAIL,365,365,1.0,0.007165813914484077,0.006887401906315177,0.002454484079521543,2.9713255334503783,0.8185111526275286,0.0024116556176067834,FAIL,2.8558811863652074,0.6616632289765821,1.017758946012889,FAIL,,turnover_rate_f%|ddof0,False
std_turnover_63d,qdata_liquidity,FAIL,365,365,1.0,0.007165767583686727,0.006887354820637251,0.002454488556381383,2.9713063222508143,0.8185088892209212,0.0024116556176067834,FAIL,2.8558616621522215,0.6616862932731813,1.017760802355813,FAIL,,vol/free_share|ddof0,False
std_turnover_63d,qdata_liquidity,FAIL,365,365,1.0,0.007261310612220571,0.006979188304526418,0.002493570166835227,3.010923516279809,0.8185111526275287,0.0024116556176067834,FAIL,2.8939406827299186,0.6711888578791085,1.0339661055377931,FAIL,,turnover_rate_f%|ddof1,False
std_turnover_63d,qdata_liquidity,FAIL,365,365,1.0,0.007261263909282325,0.006979140840644202,0.0024935746796543594,3.0109041507709424,0.8185088892209215,0.0024116556176067834,FAIL,2.8939210016934265,0.6712157324918986,1.0339679767913417,FAIL,,vol/free_share|ddof1,False
std_turnover_126d,qdata_liquidity,GOOD,438,438,1.0,4.99717663082766e-11,4.9375614638580424e-11,1.8739617079311182e-11,1.4101193073433646e-08,0.9999999999999997,0.003543797042423479,GOOD,1.393296908584081e-08,4.974600811979495e-09,5.288005169307273e-09,GOOD,,turnover_rate%|ddof1,True
std_turnover_126d,qdata_liquidity,GOOD,438,438,1.0,6.260595848380304e-08,5.9427708529742175e-08,2.0009883431823403e-08,1.7666349888081913e-05,0.9999999999721136,0.003543797042423479,GOOD,1.676950113630143e-05,4.815036245877736e-06,5.646452997245955e-06,GOOD,,vol/float_share|ddof1,False
std_turnover_126d,qdata_liquidity,FAIL,438,438,1.0,4.4807557911153914e-05,4.455559083549877e-05,1.4075552259874758e-05,0.012643940207284442,0.9999999999721139,0.003543797042423479,FAIL,0.012572839330840673,0.0028107270060337315,0.0039718844198393995,APPROX,,vol/float_share|ddof0,False
std_turnover_126d,qdata_liquidity,FAIL,438,438,1.0,4.483392823391788e-05,4.458216127060684e-05,1.4090700188622417e-05,0.012651381469424537,0.9999999999999998,0.003543797042423479,FAIL,0.012580337061322977,0.0028139392045729897,0.003976158910891319,APPROX,,turnover_rate%|ddof0,False
std_turnover_126d,qdata_liquidity,FAIL,438,438,1.0,0.0020927396280614775,0.0020809912491271,0.00032964622873277145,0.5905359711656416,0.9913847314305921,0.003543797042423479,FAIL,0.5872207759685873,0.015302119356609517,0.09302062866087216,FAIL,,vol/total_share|ddof1,False
std_turnover_126d,qdata_liquidity,FAIL,438,438,1.0,0.002129252462810774,0.002117299030765849,0.0003424219821949973,0.6008392798236133,0.9913847314305921,0.003543797042423479,FAIL,0.597466222083052,0.01959247195845919,0.09662573169281356,FAIL,,vol/total_share|ddof0,False
std_turnover_126d,qdata_liquidity,FAIL,438,438,1.0,0.00664312472685855,0.006507587564931502,0.0028679486963676215,1.8745782129541904,0.9223523242843613,0.003543797042423479,FAIL,1.8363319024842322,0.67538738332266,0.8092869490083247,FAIL,,turnover_rate_f%|ddof0,False
std_turnover_126d,qdata_liquidity,FAIL,438,438,1.0,0.006643090959631062,0.00650755977060512,0.0028679446632644966,1.8745686844097833,0.9223521285870285,0.003543797042423479,FAIL,1.8363240593921901,0.6753911873889584,0.809285810934367,FAIL,,vol/free_share|ddof0,False
std_turnover_126d,qdata_liquidity,FAIL,438,438,1.0,0.006687008582986642,0.006550575974818122,0.0028935445895125703,1.8869615000337692,0.92235232428436,0.003543797042423479,FAIL,1.848462509675332,0.6801130134356724,0.8165096801180737,FAIL,,turnover_rate_f%|ddof1,False
std_turnover_126d,qdata_liquidity,FAIL,438,438,1.0,0.006686974680959307,0.006550548069535906,0.0028935405403091694,1.8869519334511096,0.9223521285870292,0.003543797042423479,FAIL,1.8484546352734172,0.6801168326879248,0.8165085375008887,FAIL,,vol/free_share|ddof1,False
std_turnover_252d,qdata_liquidity,GOOD,438,438,1.0,4.9840658943728355e-11,4.899716631121681e-11,1.9007295323955816e-11,1.2589378682110144e-08,0.9999999999999994,0.003958945091909366,GOOD,1.2376318734844057e-08,4.431648237168177e-09,4.801101021279575e-09,GOOD,,turnover_rate%|ddof1,True
std_turnover_252d,qdata_liquidity,GOOD,438,438,1.0,2.864301529206109e-08,2.7235250186132677e-08,1.4065822182080764e-08,7.235012011304963e-06,0.9999999999882424,0.003958945091909366,GOOD,6.879421046225561e-06,3.3346596883643833e-06,3.5529217646453735e-06,GOOD,,vol/float_share|ddof1,False
std_turnover_252d,qdata_liquidity,APPROX,438,438,1.0,2.1262902060394454e-05,2.113396060029393e-05,7.856904019042273e-06,0.005370850458079866,0.9999999999882421,0.003958945091909366,APPROX,0.0053382808070473135,0.001447822304302692,0.0019845953496801226,APPROX,,vol/float_share|ddof0,False
std_turnover_252d,qdata_liquidity,APPROX,438,438,1.0,2.128802519303641e-05,2.1158251585357835e-05,7.862858722367884e-06,0.005377196373988954,0.9999999999999999,0.003958945091909366,APPROX,0.005344416528685269,0.0014484505232444471,0.001986099463323371,APPROX,,turnover_rate%|ddof0,False
std_turnover_252d,qdata_liquidity,FAIL,438,438,1.0,0.0019893295773180213,0.0019772012528797545,0.00038551973581467527,0.5024898125976747,0.9929208470661446,0.003958945091909366,FAIL,0.49942628831110336,0.01521926756196053,0.09737940963175681,FAIL,,vol/total_share|ddof1,False
std_turnover_252d,qdata_liquidity,FAIL,438,438,1.0,0.002006666584149188,0.0019944325845727222,0.0003926141472149834,0.5068690112045453,0.9929208470661453,0.003958945091909366,FAIL,0.5037787941663077,0.01735859975775098,0.09917140503346282,FAIL,,vol/total_share|ddof0,False
std_turnover_252d,qdata_liquidity,FAIL,438,438,1.0,0.0065601560844992905,0.006479845574186798,0.0030941516315596946,1.6570464940031242,0.9397695779127121,0.003958945091909366,FAIL,1.6367606581433094,0.5684748520481036,0.7815596225072704,FAIL,,turnover_rate_f%|ddof0,False
std_turnover_252d,qdata_liquidity,FAIL,438,438,1.0,0.006560114410896167,0.006479803170008079,0.0030941512415521765,1.6570359675618231,0.9397704505517329,0.003958945091909366,FAIL,1.6367499471640625,0.5684782076383113,0.7815595239942804,FAIL,,vol/free_share|ddof0,False
std_turnover_252d,qdata_liquidity,FAIL,438,438,1.0,0.006581735385827191,0.006501169113696008,0.003108187658822645,1.6624972645561185,0.9397695779127127,0.003958945091909366,FAIL,1.6421468251686584,0.5704505271713898,0.785105018297587,FAIL,,turnover_rate_f%|ddof1,False
std_turnover_252d,qdata_liquidity,FAIL,438,438,1.0,0.0065816936292914414,0.006501126625130781,0.0031081872680389917,1.6624867171666546,0.9397704505517329,0.003958945091909366,FAIL,1.6421360928740092,0.5704538894393956,0.7851049195885511,FAIL,,vol/free_share|ddof1,False
turnover_ma_20d,qdata_liquidity,GOOD,438,438,1.0,4.962771930601753e-11,4.8647061262098443e-11,1.8141625850539514e-11,5.0503522065010957e-08,1.0,0.000982658580566598,GOOD,4.9505557906031506e-08,1.5241266416899862e-08,1.8461779309024204e-08,GOOD,,vol*100/(circ_mv*1e4)|short20,True
turnover_ma_20d,qdata_liquidity,FAIL,438,438,1.0,0.01250298017625306,0.012295912087290146,0.0062514871437795196,12.723625909869813,0.7135889777766223,0.000982658580566598,FAIL,12.512903596893603,6.218369199202462,6.361809958627676,FAIL,,dtr[vol/total_share]|short20,False
turnover_ma_20d,qdata_liquidity,FAIL,438,438,1.0,0.012909237899999999,0.012626270029999997,0.006899361396602351,13.137053047006999,0.8276088521223469,0.000982658580566598,FAIL,12.84909151530507,6.333503541394255,7.021117540768025,FAIL,,dtr[turnover_rate%]|short20,False
turnover_ma_20d,qdata_liquidity,FAIL,438,438,1.0,0.012909247337707243,0.012626221789068795,0.006899372458780841,13.13706265126572,0.8276087590790123,0.000982658580566598,FAIL,12.849042423044382,6.333530293533827,7.021128798165772,FAIL,,dtr[vol/float_share]|short20,False
turnover_ma_20d,qdata_liquidity,FAIL,438,438,1.0,0.0327011259,0.032165994947999994,0.01379876402217313,33.278217426386924,0.5511405310416375,0.000982658580566598,FAIL,32.73364277697873,12.045949687618652,14.04227703809069,FAIL,,dtr[turnover_rate_f%]|short20,False
turnover_ma_20d,qdata_liquidity,FAIL,438,438,1.0,0.03270105695493852,0.0321659210566551,0.01379876599370085,33.278147264620834,0.5511390558469861,0.000982658580566598,FAIL,32.733567581639925,12.04597898215117,14.042279044410849,FAIL,,dtr[vol/free_share]|short20,False
turnover_ma_20d,qdata_liquidity,FAIL,438,438,1.0,0.5781958484646619,0.5401966973214367,0.09728319948501546,588.3995315354351,1.0,0.000982658580566598,FAIL,549.72979222342,23.7543453971067,99.00000000907971,FAIL,,vol/(circ_mv)|short20,False
turnover_ma_20d_120d,qdata_liquidity,EXACT,438,438,1.0,4.9705350946283033e-11,4.9093973331082453e-11,1.855684175576541e-11,4.358511806887993e-11,0.9999999999999997,1.1404202431603137,EXACT,4.3049019539528734e-11,1.3584414303613167e-11,1.6271932971253648e-11,EXACT,,vol*100/(circ_mv*1e4)|short20long120,True
turnover_ma_20d_120d,qdata_liquidity,EXACT,438,438,1.0,4.970512890167811e-11,4.909398554353572e-11,1.855684023491195e-11,4.358492336468536e-11,0.9999999999999997,1.1404202431603137,EXACT,4.3049030248259434e-11,1.3584706359905035e-11,1.627193163766327e-11,EXACT,,vol/(circ_mv)|short20long120,False
turnover_ma_20d_120d,qdata_liquidity,FAIL,438,438,1.0,0.32848697311711117,0.31407250248462093,0.06656064803889933,0.28804028610261556,0.8536973996022047,1.1404202431603137,FAIL,0.2754006730135449,0.03116673309986042,0.058365018016908896,FAIL,,dtr[vol/float_share]|short20long120,False
turnover_ma_20d_120d,qdata_liquidity,FAIL,438,438,1.0,0.3284507000645924,0.31403589449565317,0.06654157279557721,0.2880084793605516,0.8536396699337453,1.1404202431603137,FAIL,0.2753685725758446,0.03116827823812982,0.0583482915132919,FAIL,,dtr[vol/total_share]|short20long120,False
turnover_ma_20d_120d,qdata_liquidity,FAIL,438,438,1.0,0.3284874971066638,0.3140725085048299,0.06656183185909233,0.28804074557319737,0.8536910902734444,1.1404202431603137,FAIL,0.27540067829248394,0.031171605169242406,0.05836605607301155,FAIL,,dtr[turnover_rate%]|short20long120,False
turnover_ma_20d_120d,qdata_liquidity,FAIL,438,438,1.0,0.32850514246112184,0.31409083955593375,0.06884654337582481,0.28805621825054056,0.8607864621228994,1.1404202431603137,FAIL,0.27541675223646545,0.03558516016193614,0.06036945046243516,FAIL,,dtr[vol/free_share]|short20long120,False
turnover_ma_20d_120d,qdata_liquidity,FAIL,438,438,1.0,0.3285043712186284,0.31408916651086505,0.0688465276191021,0.2880555419713373,0.860787551169569,1.1404202431603137,FAIL,0.2754152851938741,0.035588582954681175,0.06036943664584184,FAIL,,dtr[turnover_rate_f%]|short20long120,False
turnover_ma_20d_120d,qdata_liquidity,FAIL,438,438,1.0,1.5009646024551613,1.4847863491313174,1.0421543850947317,1.3161504379260343,0.1391780193225337,1.1404202431603137,FAIL,1.3019642171702444,0.940789827941322,0.9138336427690293,FAIL,,vol/(circ_mv)|short20,False
turnover_ma_20d_120d,qdata_liquidity,FAIL,438,438,1.0,1.504393817,1.4894119718310002,1.125638820557574,1.3191574123860244,0.6678388610262109,1.1404202431603137,FAIL,1.306020285735692,0.9805048880501254,0.9870386178328634,FAIL,,dtr[turnover_rate_f%]|short20,False
turnover_ma_20d_120d,qdata_liquidity,FAIL,438,438,1.0,1.504393937895272,1.4894120202828718,1.1256388185860462,1.3191575183954298,0.6678399814882946,1.1404202431603137,FAIL,1.306020328221672,0.9805048899166565,0.9870386161040904,FAIL,,dtr[vol/free_share]|short20,False
turnover_ma_20d_120d,qdata_liquidity,FAIL,438,438,1.0,1.5240998224732252,1.5072232367826455,1.1325382121209662,1.3364370122452975,0.47258787075482594,1.1404202431603137,FAIL,1.3216384449699468,0.9846075549633784,0.9930884855064437,FAIL,,dtr[vol/float_share]|short20,False
turnover_ma_20d_120d,qdata_liquidity,FAIL,438,438,1.0,1.5240998669999999,1.507223294331,1.132538223183145,1.3364370512894788,0.47258420687208336,1.1404202431603137,FAIL,1.3216384954323572,0.9846076306343695,0.9930884952065335,FAIL,,dtr[turnover_rate%]|short20,False
turnover_ma_20d_120d,qdata_liquidity,FAIL,438,438,1.0,1.5242657352345281,1.5073730422159342,1.1331860974359675,1.3365824961248567,0.5473652108500721,1.1404202431603137,FAIL,1.3217698048210078,0.9856225539442731,0.9936565965329597,FAIL,,dtr[vol/total_share]|short20,False
turnover_ma_20d_120d,qdata_liquidity,FAIL,438,438,1.0,1.5365588293545516,1.5184694579090032,1.1394375845796578,1.3473619383469249,0.13917801932253376,1.1404202431603137,FAIL,1.3314999159441838,0.9907304672770243,0.9991383364276903,FAIL,,vol*100/(circ_mv*1e4)|short20,False
amount_ma_20d,qdata_liquidity,EXACT,438,438,1.0,9.5367431640625e-07,9.5367431640625e-07,1.8493769920035585e-07,3.6246570187007335e-16,1.0,2631074640.9548473,EXACT,3.6246570187007335e-16,0.0,7.028979578216749e-17,EXACT,,raw_amount(元),True
amount_ma_20d,qdata_liquidity,FAIL,438,438,1.0,6757184697.103052,6649960430.697969,2492708901.227657,2.5682223498801204,-0.347489638842121,2631074640.9548473,FAIL,2.5274693188805246,0.6799771539160443,0.9474109409237528,FAIL,,adj_amount(千元),False
amount_ma_20d,qdata_liquidity,FAIL,438,438,1.0,6809302787.094,6701251501.121418,2628443566.3138924,2.588031020139674,1.0,2631074640.9548473,FAIL,2.5469636614677933,0.7958073109717184,0.999,FAIL,,raw_amount(千元),False
sum_abs_rtn_amount_20d,qdata_liquidity,GOOD,438,438,1.0,3.360000924929399e-08,2.7035277981781595e-08,4.2873064900679744e-09,3.3286674700470155e-05,0.9999999999860497,0.0010094132126937693,GOOD,2.6783162377708465e-05,2.1651417760136116e-06,4.247325511647167e-06,GOOD,,raw_amount(元),True
sum_abs_rtn_amount_20d,qdata_liquidity,FAIL,438,438,1.0,0.05591608928700257,0.05424396376731808,0.01879576654590773,55.394647686235615,-0.045038352372840366,0.0010094132126937693,FAIL,53.73811545676126,17.646202481638507,18.620487932536996,FAIL,,adj_amount,False
sum_abs_rtn_amount_20d,qdata_liquidity,FAIL,438,438,1.0,4.7833439254256005,4.4891914872515155,1.0084039232038984,4738.737184408887,0.9999999999860503,0.0010094132126937693,FAIL,4447.327844333879,479.87226808760755,999.0001225690543,FAIL,,raw_amount(千元),False
