factor,N,uniq,mn,mx,is_rank,text_rank
roe_ttm_lag63d,5202,5202,-22.4388699712,24.7090084203,False,False
sa,5037,4508,0.0001985309,1.0,True,True
cfcr,166,166,0.0060240964,1.0,True,True
delta_cash_ratio,5145,5123,0.0002052545,1.0,True,True
lra_yoy,1693,1282,0.0237226277,1.0,False,True
np_to_fixed_assets_yoy,5188,5188,0.0002029633,1.0,True,True
np_to_salary_yoy,4652,4652,0.0002172496,1.0,True,True
npm_q_qoq,5290,5271,0.0001897533,1.0,True,True
npm_ttm_qoq,5199,5066,0.0001974334,1.0,True,True
roa_y,5299,5299,0.0001887149,1.0,True,True
yoy_ocf,4677,3008,0.0002138123,1.0,True,True
debt_asset_ratio,5316,5316,0.0177206613,2.1718366127,False,False
delta_inventory_turnover,4677,4671,0.0002138123,1.0,True,True
delta_roa,4825,4825,0.0002072539,1.0,True,True
fixed_asset_turnover,5200,5200,0.0001923077,1.0,True,True
np_ttm_qoq,5202,5069,0.0001973165,1.0,True,True
npm_ttm,5201,5201,0.0001922707,1.0,True,True
opm_ttm,5196,5196,0.0001924557,1.0,True,True
receivable_turnover,5146,5146,0.0001943257,1.0,True,True
yoy_net_profit,4825,4825,-2859.7157298815,1075.512899836,False,False
asset_growth_qoq,5319,5315,0.0001881822,1.0,True,True
delta_gpm,4701,4701,0.0002127207,1.0,True,True
gpm_y,5210,5210,0.0001919386,1.0,True,True
np_to_total_expenses_yoy,5065,5060,0.0002087683,1.0,True,True
npm_tsh,5203,5203,0.0001922338,1.0,True,True
opt_tpro,5387,5294,0.0001880053,1.0,True,True
peg_252d,4750,4749,-1.052755684e+17,3.520845013e+16,False,False
delta_de,5245,5229,0.0001906578,1.0,True,True
eps_ttm,5177,3140,0.0001931621,1.0,True,True
financial_leverage,5361,5361,0.0001865324,1.0,True,True
gpm_ttm,5088,5088,0.0001965409,1.0,True,True
icr,104,104,0.0096153846,1.0,True,True
income_tax_yoy,4764,4752,0.0002145923,1.0,True,True
np_to_inventory_yoy,5076,5076,0.000207555,1.0,True,True
npm_q,5389,5389,0.0001878993,1.0,True,True
quality_composite,5388,5388,-25870.0724488375,21.0972009179,False,False
ar_ap_to_revenue,4958,4957,0.0002016942,1.0,True,True
asset_turnover,5200,5200,0.0001923077,1.0,True,True
delta_current_ratio,5109,5078,0.000195733,1.0,True,True
gpm_q,5298,5298,0.0001887505,1.0,True,True
np_to_deferred_tax_yoy,5138,5138,0.0002046664,1.0,True,True
yoy_net_asset,5250,5232,0.0001904762,1.0,True,True
cash_profit_ratio,4851,4851,0.0002061431,1.0,True,True
delta_opm,4820,4820,0.0002074689,1.0,True,True
eps_q,5380,1876,0.0001883594,1.0,True,True
eps_y,5301,2004,0.0001886437,1.0,True,True
yoy_revenue,4824,4823,-1.4000217199,954.5510897048,False,False
yoy_roe,4827,4827,0.000207168,1.0,True,True
yoy_total_asset,5250,5233,0.0001904762,1.0,True,True
cash_ratio,5275,5275,0.0002003205,1.0,True,True
current_ratio,5228,5228,0.0934738725,56.8155441273,False,False
de,5316,5316,-60.8678184743,118.4845808217,False,False
delta_asset_turnover,4824,4824,0.0002072968,1.0,True,True
delta_quick_ratio,5082,5055,0.0001967729,1.0,True,True
delta_roe,4827,4827,0.000207168,1.0,True,True
gross_margin_qoq,5086,4956,0.0002018163,1.0,True,True
inventory_turnover,5064,5064,0.0001974724,1.0,True,True
pa,4817,3860,0.0002075981,1.0,True,True
roa_ttm,5203,5203,0.0001921968,1.0,True,True
roe_ttm,5203,5203,-22.4388699712,24.7090084203,False,False
tax_surcharge_yoy,4790,4790,0.0002126302,1.0,True,True
yoy_roa,4825,4825,0.0002072539,1.0,True,True
delta_npm,4822,4822,0.0002073828,1.0,True,True
eaa,5128,3861,0.0001950078,1.0,True,True
eap,5121,5078,0.0001952744,1.0,True,True
market_value_leverage,5199,5199,0.0001923447,1.0,True,True
npm_y,5301,5301,0.0001886437,1.0,True,True
opm_y,5301,5301,0.0001886437,1.0,True,True
quick_ratio,5202,5202,0.0569964941,54.743003263,False,False
equity_turnover,5200,5200,0.0001923077,1.0,True,True
expenses_to_equity_yoy,5058,5058,0.0002089864,1.0,True,True
gpm_qoq,5086,4956,0.0002018163,1.0,True,True
roa_q,5341,5341,0.0001884659,1.0,True,True
roe_y,5299,5299,-12.552301463,11.5302817859,False,False
