factor,family,verdict_xs,n_days,n_stocks_med,spearman_med,spearman_min,spearman_mean
asset_turnover,qdata_quality_growth,EXACT,4,5006,0.9999883064426904,0.9999488756045638,0.9999794927233685
eps_q,qdata_quality_growth,EXACT,4,5051,0.9999936258665885,0.9999848169979079,0.9999915122908037
eps_ttm,qdata_quality_growth,EXACT,4,5007,0.9999465856757377,0.9998111989822409,0.9999137719524118
eps_y,qdata_quality_growth,EXACT,4,5057,0.999957769108758,0.9999575926134653,0.9999681105871701
equity_turnover,qdata_quality_growth,EXACT,4,5006,0.9999781111249766,0.9999419049531578,0.9999732482579429
financial_leverage,qdata_quality_growth,EXACT,4,5081,0.9999037758714392,0.9998999911177849,0.9999252135210457
fixed_asset_turnover,qdata_quality_growth,EXACT,4,5006,0.9999505553135177,0.9995734186064735,0.9998679325684776
gpm_q,qdata_quality_growth,EXACT,4,5000,0.9999797381248205,0.9995610176507039,0.9998771344983535
gpm_ttm,qdata_quality_growth,EXACT,4,4912,0.9999817040262831,0.999900958320975,0.9999625585751524
market_value_leverage,qdata_quality_growth,EXACT,4,4954,0.9999989959498384,0.9999978868738282,0.9999989696933763
npm_ttm,qdata_quality_growth,EXACT,4,5006,0.9999961244696146,0.9999550310719355,0.9999866885388231
npm_y,qdata_quality_growth,EXACT,4,5057,0.9999639686624346,0.9999636533011186,0.9999695228771389
opm_ttm,qdata_quality_growth,EXACT,4,5006,0.9999953249420123,0.9999450513127628,0.9999838226783434
opm_y,qdata_quality_growth,EXACT,4,5057,0.9999593246135797,0.9999589049263947,0.9999660702074467
roa_ttm,qdata_quality_growth,EXACT,4,5007,0.99999756002488,0.9999153245541581,0.9999775461267402
roa_y,qdata_quality_growth,EXACT,4,5055,0.9999937483316661,0.9999937255082937,0.999993747299778
cash_ratio,qdata_quality_growth,GOOD,4,4638,0.9998162192943745,0.999747110781471,0.9998074139461821
delta_cash_ratio,qdata_quality_growth,GOOD,4,4474,0.99952277122502,0.9991992241983721,0.9995499817483068
delta_current_ratio,qdata_quality_growth,GOOD,4,4888,0.9993908075331384,0.9993834201494903,0.9993909572683376
delta_de,qdata_quality_growth,GOOD,4,4998,0.9990364223933148,0.9985166605283957,0.9989775423388807
delta_quick_ratio,qdata_quality_growth,GOOD,4,4865,0.9994996926389715,0.9994957851137388,0.9995000625923656
gpm_y,qdata_quality_growth,GOOD,4,4966,0.9998286697921663,0.9998285461563016,0.9998587230022493
inventory_turnover,qdata_quality_growth,GOOD,4,4894,0.999075743306069,0.9990476886577904,0.9990732415639663
npm_q,qdata_quality_growth,GOOD,4,5058,0.999865669493195,0.9998379286837789,0.9998633027156671
npm_q_qoq,qdata_quality_growth,GOOD,4,5041,0.9996720477564578,0.6516756695192759,0.9127069804987437
npm_tsh,qdata_quality_growth,GOOD,4,5007,0.9997871060387573,0.9983678619444747,0.999475808982963
opt_tpro,qdata_quality_growth,GOOD,4,5056,0.999801360055746,0.9996300244992603,0.9998043275736868
receivable_turnover,qdata_quality_growth,GOOD,4,4950,0.9998651983524225,0.999755469879887,0.9998547055183793
roa_q,qdata_quality_growth,GOOD,4,5054,0.9998440840892084,0.9995493295916609,0.9997765361724482
yoy_net_asset,qdata_quality_growth,GOOD,4,4999,0.9995759290862398,0.9990552542792661,0.9994602427396334
yoy_total_asset,qdata_quality_growth,GOOD,4,4999,0.9995851429367497,0.9992783059560529,0.9995701946897405
ar_ap_to_revenue,qdata_quality_growth,APPROX,4,4771,0.9931477019588255,0.9810271764086026,0.9903897611515282
asset_growth_qoq,qdata_quality_growth,APPROX,4,5061,0.995848605389166,0.756085654450927,0.936457894690221
delta_asset_turnover,qdata_quality_growth,APPROX,4,4750,0.9938642661387809,0.9927031892025412,0.9940025204832316
delta_gpm,qdata_quality_growth,APPROX,4,4640,0.9901165290629308,0.9887235423778821,0.989882320270113
delta_inventory_turnover,qdata_quality_growth,APPROX,4,4618,0.9960061224202217,0.9950617172465259,0.9958029579979956
delta_roe,qdata_quality_growth,APPROX,4,4753,0.9910164520854663,0.988774177239588,0.9906843056375563
eaa,qdata_quality_growth,APPROX,4,4912,0.9980447409026569,0.995966448842228,0.997745215619332
gpm_qoq,qdata_quality_growth,APPROX,4,4880,0.9964413257542877,0.7217019355537424,0.9279937181095306
gross_margin_qoq,qdata_quality_growth,APPROX,4,4880,0.9964413257542877,0.7217019355537424,0.9279937181095306
npm_ttm_qoq,qdata_quality_growth,APPROX,4,4986,0.9974069778801944,0.5863499033664019,0.8949908338889131
pa,qdata_quality_growth,APPROX,4,4662,0.9952324287944492,0.9745349350236189,0.9902884356171625
cash_profit_ratio,qdata_quality_growth,FAIL,4,4807,0.8440621169546856,0.7620383687220817,0.8259461040722509
cfcr,qdata_quality_growth,FAIL,4,165,0.9675393369486818,0.639237835556854,0.8859728708519203
delta_npm,qdata_quality_growth,FAIL,4,4749,0.9847804223083549,0.980686872663133,0.9839555868942347
delta_opm,qdata_quality_growth,FAIL,4,4749,0.9852847636991445,0.9837457578461117,0.985367608074901
delta_roa,qdata_quality_growth,FAIL,4,4752,0.9860413840966491,0.9839890941563725,0.9864827494966615
eap,qdata_quality_growth,FAIL,4,4911,0.9224750287433463,0.9091542836090029,0.9219578214881581
expenses_to_equity_yoy,qdata_quality_growth,FAIL,4,4810,0.7765855108888807,0.7561489110939376,0.7721350892002717
icr,qdata_quality_growth,FAIL,4,101,0.8279499126383226,0.8262900407687828,0.8358039921639222
income_tax_yoy,qdata_quality_growth,FAIL,4,4704,0.8126552505117672,0.7678883342018037,0.8075023135638518
np_to_deferred_tax_yoy,qdata_quality_growth,FAIL,4,4901,0.6827026845775747,0.662527553184203,0.6798866417981608
np_to_fixed_assets_yoy,qdata_quality_growth,FAIL,4,4947,0.6179926118875885,0.5093307345216808,0.6016603438432765
np_to_inventory_yoy,qdata_quality_growth,FAIL,4,4839,0.654994422064609,0.6311491330533288,0.6508335288200638
np_to_salary_yoy,qdata_quality_growth,FAIL,4,4634,0.7996119229370993,0.7269454109156761,0.7834901321674382
np_to_total_expenses_yoy,qdata_quality_growth,FAIL,4,4813,0.6215528732103814,0.6030062120359411,0.6212892095788847
np_ttm_qoq,qdata_quality_growth,FAIL,4,4988,0.915720494262529,0.5681449978445148,0.8330183905870002
sa,qdata_quality_growth,FAIL,4,4877,0.9552366381295716,0.9225063510988902,0.9510029177035944
tax_surcharge_yoy,qdata_quality_growth,FAIL,4,4731,0.9462585456346916,0.8910681687512684,0.9339693493896974
yoy_ocf,qdata_quality_growth,FAIL,4,4645,0.7321751354184762,0.7266181252046997,0.7336433636066264
yoy_roa,qdata_quality_growth,FAIL,4,4752,0.9843177024625966,0.9808073986936685,0.9840950551917245
yoy_roe,qdata_quality_growth,FAIL,4,4753,0.9859807422929041,0.9824683683582762,0.9860630736756633
