factor,days,days_total,days_settled,days_settled_total
sa,73,73,51,51
cfcr,61,64,51,51
delta_cash_ratio,73,73,51,51
lra_yoy,0,0,0,0
np_to_fixed_assets_yoy,0,73,0,51
np_to_salary_yoy,5,73,0,51
npm_q_qoq,65,73,51,51
npm_ttm_qoq,11,73,0,51
roa_y,73,73,51,51
yoy_ocf,14,73,0,51
delta_inventory_turnover,73,73,51,51
delta_roa,73,73,51,51
fixed_asset_turnover,73,73,51,51
np_ttm_qoq,11,73,0,51
npm_ttm,73,73,51,51
opm_ttm,73,73,51,51
receivable_turnover,73,73,51,51
asset_growth_qoq,16,73,12,51
delta_gpm,73,73,51,51
gpm_y,73,73,51,51
np_to_total_expenses_yoy,62,73,51,51
npm_tsh,73,73,51,51
opt_tpro,73,73,51,51
delta_de,73,73,51,51
eps_ttm,73,73,51,51
financial_leverage,73,73,51,51
gpm_ttm,73,73,51,51
icr,56,56,51,51
income_tax_yoy,11,73,0,51
np_to_inventory_yoy,0,73,0,51
npm_q,73,73,51,51
ar_ap_to_revenue,54,56,51,51
asset_turnover,73,73,51,51
delta_current_ratio,73,73,51,51
gpm_q,73,73,51,51
np_to_deferred_tax_yoy,0,73,0,51
yoy_net_asset,64,73,51,51
cash_profit_ratio,73,73,51,51
delta_opm,73,73,51,51
eps_q,73,73,51,51
eps_y,73,73,51,51
yoy_roe,73,73,51,51
yoy_total_asset,73,73,51,51
cash_ratio,73,73,51,51
delta_asset_turnover,73,73,51,51
delta_quick_ratio,73,73,51,51
delta_roe,73,73,51,51
gross_margin_qoq,11,73,0,51
inventory_turnover,73,73,51,51
pa,66,73,51,51
roa_ttm,73,73,51,51
tax_surcharge_yoy,73,73,51,51
yoy_roa,67,73,51,51
delta_npm,73,73,51,51
eaa,73,73,51,51
eap,18,73,16,51
market_value_leverage,73,73,51,51
npm_y,73,73,51,51
opm_y,73,73,51,51
equity_turnover,73,73,51,51
expenses_to_equity_yoy,0,73,0,51
gpm_qoq,11,73,0,51
roa_q,73,73,51,51
