factor,factor_type,判据,应有判据,判据不符,verdict_med,verdict,n_overlap,coverage,max_abs_err,p99_abs_err,med_rel_err,corr,note
fcf_to_market,Value,横截面Spearman,绝对误差,True,EXACT,FAIL,19149.0,0.9988003338201544,59.20287154651879,0.7993702884865345,1.0489683864184629e-10,0.931445671769348,§5.14 内层公式正确（中位相对误差 1e-10）⇒ maxerr 由分母穿越 0 的长尾主导；Tushare free_cashflow 口径 0.242 已否证
alpha101_33,Alpha101,横截面Spearman,横截面Spearman,False,EXACT,EXACT,5542.0,,4.9982018524019616e-11,,2.407074539689802e-11,1.0,
alpha101_42,Alpha101,横截面Spearman,横截面Spearman,False,EXACT,EXACT,5539.0,,8.881784197001252e-16,,2.220446049250313e-16,1.0,
small_cap_reversal_21d,Reversal,横截面Spearman,横截面Spearman,False,EXACT,EXACT,51.0,,0.99999125670835,,0.9999983326995956,0.9999983326995956,
alpha101_4,Alpha101,分档一致率/Spearman取较优,横截面Spearman,False,EXACT,EXACT,6.0,,,,,1.0,
alpha101_43,Alpha101,分档一致率/Spearman取较优,横截面Spearman,False,EXACT,EXACT,6.0,,,,,0.999912427434536,
alpha101_46,Alpha101,分档一致率/Spearman取较优,绝对误差,False,EXACT,EXACT,6.0,,,,,0.9999965228232018,
asset_turnover,Quality,横截面Spearman,横截面Spearman,False,EXACT,EXACT,4.0,,0.9999488756045638,,0.9999883064426904,0.9999883064426904,
eps_q,Quality,横截面Spearman,横截面Spearman,False,EXACT,EXACT,4.0,,0.999984816997908,,0.9999936258665884,0.9999936258665884,
eps_ttm,Quality,横截面Spearman,横截面Spearman,False,EXACT,EXACT,4.0,,0.9998111989822408,,0.9999465856757376,0.9999465856757376,
eps_y,Quality,横截面Spearman,横截面Spearman,False,EXACT,EXACT,4.0,,0.9999575926134652,,0.999957769108758,0.999957769108758,
equity_turnover,Quality,横截面Spearman,横截面Spearman,False,EXACT,EXACT,4.0,,0.9999419049531578,,0.9999781111249766,0.9999781111249766,
financial_leverage,Quality,横截面Spearman,横截面Spearman,False,EXACT,EXACT,4.0,,0.9998999911177848,,0.9999037758714392,0.9999037758714392,
fixed_asset_turnover,Quality,横截面Spearman,横截面Spearman,False,EXACT,EXACT,4.0,,0.9995734186064736,,0.9999505553135176,0.9999505553135176,
gpm_q,Quality,横截面Spearman,横截面Spearman,False,EXACT,EXACT,4.0,,0.999561017650704,,0.9999797381248204,0.9999797381248204,分母/口径待定（差 0.023）
gpm_ttm,Quality,横截面Spearman,横截面Spearman,False,EXACT,EXACT,4.0,,0.999900958320975,,0.9999817040262832,0.9999817040262832,
market_value_leverage,Quality,横截面Spearman,横截面Spearman,False,EXACT,EXACT,4.0,,0.9999978868738282,,0.9999989959498384,0.9999989959498384,
npm_ttm,Quality,横截面Spearman,横截面Spearman,False,EXACT,EXACT,4.0,,0.9999550310719356,,0.9999961244696146,0.9999961244696146,
npm_y,Quality,横截面Spearman,横截面Spearman,False,EXACT,EXACT,4.0,,0.9999636533011186,,0.9999639686624346,0.9999639686624346,
opm_ttm,Quality,横截面Spearman,横截面Spearman,False,EXACT,EXACT,4.0,,0.9999450513127628,,0.9999953249420124,0.9999953249420124,
opm_y,Quality,横截面Spearman,横截面Spearman,False,EXACT,EXACT,4.0,,0.9999589049263948,,0.9999593246135796,0.9999593246135796,
roa_ttm,Quality,横截面Spearman,横截面Spearman,False,EXACT,EXACT,4.0,,0.999915324554158,,0.99999756002488,0.99999756002488,
roa_y,Quality,横截面Spearman,横截面Spearman,False,EXACT,EXACT,4.0,,0.9999937255082936,,0.999993748331666,0.999993748331666,
earnings_cut_to_market,Value,横截面Spearman,横截面Spearman,False,EXACT,EXACT,4.0,,0.9999494068321468,,0.9999986677974768,0.9999986677974768,
sales_to_market,Value,横截面Spearman,横截面Spearman,False,EXACT,EXACT,4.0,,0.999985703046014,,1.0,1.0,
yoy_total_asset,Growth,横截面Spearman,横截面Spearman,False,EXACT,EXACT,3.0,,0.999690869591388,,0.9999821552298988,0.9999821552298988,
alpha101_101,Alpha101,横截面Spearman,绝对误差,True,EXACT,EXACT,33168.0,1.0,4.999156644203139e-11,4.954658905376164e-11,0.9999999047540836,0.9999999047540836,已复现
alpha101_20,Alpha101,横截面Spearman,横截面Spearman,False,EXACT,EXACT,33161.0,1.0,4.9999282492052544e-11,4.938141562327304e-11,0.9999999999912208,0.9999999999912208,已复现
alpha101_10,Alpha101,横截面Spearman,横截面Spearman,False,EXACT,APPROX,33152.0,1.0,0.0003344128044711,0.000323545209092,1.0,1.0,数值口径差异（横截面名次一致，绝对量级不同）
alpha101_9,Alpha101,横截面Spearman,绝对误差,True,EXACT,EXACT,33144.0,1.0,8.881784197001252e-16,4.996003610813204e-16,0.9999869940801264,0.9999869940801264,已复现
alpha101_38,Alpha101,横截面Spearman,横截面Spearman,False,EXACT,EXACT,33130.0,1.0,5.551115123125784e-16,5.551115123125784e-16,0.9999999999821004,0.9999999999821004,已复现
alpha101_41,Alpha101,横截面Spearman,绝对误差,True,EXACT,EXACT,33128.0,1.0,4.999822778017915e-11,4.9400592158632676e-11,0.9999999993721148,0.9999999993721148,已复现
alpha101_18,Alpha101,横截面Spearman,横截面Spearman,False,EXACT,APPROX,33122.0,0.999969809497932,0.000180701150253,0.0001698803065733,1.0,1.0,已复现
alpha101_12,Alpha101,横截面Spearman,绝对误差,True,EXACT,EXACT,33104.0,0.9982811133560509,1.9895196601282805e-13,1.3322676295501878e-14,0.9999516955687118,0.9999516955687118,已复现
alpha101_23,Alpha101,横截面Spearman,绝对误差,True,EXACT,FAIL,33089.0,1.0,0.03,4.996003610813204e-16,0.9999996180836388,0.9999996180836388,已复现
alpha101_51,Alpha101,横截面Spearman,绝对误差,True,EXACT,EXACT,33088.0,1.0,8.881784197001252e-16,4.996003610813204e-16,0.9999901261367417,0.9999901261367417,已复现
alpha101_49,Alpha101,横截面Spearman,绝对误差,True,EXACT,EXACT,33088.0,1.0,8.881784197001252e-16,4.996003610813204e-16,0.9999889539381386,0.9999889539381386,已复现
alpha101_54,Alpha101,横截面Spearman,绝对误差,True,EXACT,EXACT,33081.0,1.0,4.99997265812624e-11,4.9374593302786705e-11,0.9999999951782312,0.9999999951782312,已复现
alpha101_11,Alpha101,横截面Spearman,横截面Spearman,False,EXACT,APPROX,33069.0,0.9996372540128776,0.003003405542705,0.0015008497652894,0.9999996548936498,0.9999996548936498,数值口径差异（横截面名次一致，绝对量级不同）
alpha101_16,Alpha101,横截面Spearman,横截面Spearman,False,EXACT,FAIL,33054.0,0.997043918918919,0.0283118578543782,0.0074758438179492,0.999981936763996,0.999981936763996,数值口径差异（横截面名次一致，绝对量级不同）
alpha101_13,Alpha101,横截面Spearman,横截面Spearman,False,EXACT,FAIL,33054.0,0.997043918918919,0.0351165636058234,0.0074149126963115,0.9999810426985104,0.9999810426985104,数值口径差异（横截面名次一致，绝对量级不同）
alpha101_60,Alpha101,横截面Spearman,横截面Spearman,False,EXACT,APPROX,33043.0,1.0,4.233649955013853e-07,4.1428902204597524e-07,0.9999997611279818,0.9999997611279818,数值口径差异（横截面名次一致，绝对量级不同）
alpha101_2,Alpha101,横截面Spearman,横截面Spearman,False,EXACT,EXACT,33016.0,1.0,5.0000115159321006e-11,4.9381423949945714e-11,1.0,1.0,已复现
alpha101_57,Alpha101,横截面Spearman,横截面Spearman,False,EXACT,FAIL,33010.0,1.0,1.9033001522805364,0.1280749463479914,0.9999997709255029,0.9999997709255029,已复现
alpha101_6,Alpha101,横截面Spearman,绝对误差,True,EXACT,GOOD,32979.0,0.9956525677022008,1.2768142432229013e-08,1.1938586785831369e-10,1.0,1.0,已复现
alpha101_40,Alpha101,横截面Spearman,横截面Spearman,False,EXACT,APPROX,32979.0,0.9956826278606364,0.0004182085765713,0.0001081891046462,0.9999999889406922,0.9999999889406922,已复现
alpha101_5,Alpha101,横截面Spearman,横截面Spearman,False,EXACT,APPROX,32979.0,1.0,0.0019617496764935,4.944260723060978e-11,0.9999999995338372,0.9999999995338372,已复现
alpha101_22,Alpha101,横截面Spearman,横截面Spearman,False,EXACT,APPROX,32938.0,0.996219338837976,0.0003102601433263,2.9951808304395987e-10,0.9999999986430034,0.9999999986430034,已复现
alpha101_30,Alpha101,横截面Spearman,横截面Spearman,False,EXACT,EXACT,32820.0,0.9920502977359972,6.661338147750939e-16,4.996003610813204e-16,1.0,1.0,公式已修正（factor_desc 括号丢失）
alpha101_47,Alpha101,横截面Spearman,横截面Spearman,False,EXACT,EXACT,32820.0,0.994003270943122,3.1086244689504387e-15,5.551115123125784e-16,1.0,1.0,已复现
alpha101_17,Alpha101,横截面Spearman,横截面Spearman,False,EXACT,FAIL,32670.0,0.9879343191508664,0.0035878407741212,0.0020651718441761,0.9999995496839008,0.9999995496839008,数值口径差异（横截面名次一致，绝对量级不同）
alpha101_28,Alpha101,横截面Spearman,横截面Spearman,False,EXACT,FAIL,32665.0,0.988171587608906,0.0212131906042662,0.0010627737933751,1.0,1.0,数值口径差异（横截面名次一致，绝对量级不同）
alpha101_31,Alpha101,横截面Spearman,横截面Spearman,False,EXACT,APPROX,32526.0,0.9843835118939532,0.0078818289392228,0.0074907267871728,0.999997962422576,0.999997962422576,数值口径差异（横截面名次一致，绝对量级不同）
alpha101_24,Alpha101,横截面Spearman,绝对误差,True,EXACT,EXACT,32426.0,1.0,8.881784197001252e-16,5.551115123125784e-16,0.9999978737710162,0.9999978737710162,已复现
alpha101_37,Alpha101,横截面Spearman,横截面Spearman,False,EXACT,EXACT,32425.0,1.0,6.661338147750939e-16,5.551115123125784e-16,1.0,1.0,已复现
alpha101_53,Alpha101,横截面Spearman,绝对误差,True,EXACT,EXACT,31836.0,1.0,4.999467506650035e-11,4.8880498954018135e-11,0.9999997486031472,0.9999997486031472,已复现
alpha101_26,Alpha101,横截面Spearman,绝对误差,True,EXACT,EXACT,29069.0,0.9956841924987156,1.650901637617608e-13,5.088374166462014e-14,0.9999458250284056,0.9999458250284056,已复现
days_beyond_upper_lower_21d,Risk,绝对误差,绝对误差,False,EXACT,EXACT,306.0,1.0,0.0,0.0,0.0,1.0,
amount_ma_20d,Liquidity,绝对误差,绝对误差,False,EXACT,EXACT,306.0,1.0,9.5367431640625e-07,4.76837158203125e-07,0.0,1.0,
avg_turnover_10d,Liquidity,绝对误差,绝对误差,False,EXACT,EXACT,306.0,1.0,3.469446951953614e-18,3.469446951953614e-18,0.0,1.0,
avg_turnover_20d,Liquidity,绝对误差,绝对误差,False,EXACT,EXACT,306.0,1.0,3.469446951953614e-18,3.469446951953614e-18,0.0,0.9999999999999998,
avg_turnover_5d,Liquidity,绝对误差,绝对误差,False,EXACT,EXACT,306.0,1.0,1.0408340855860844e-17,6.938893903907228e-18,2.0652496791931341e-16,0.9999999999999998,
sum_abs_rtn_amount_20d,Liquidity,绝对误差,绝对误差,False,EXACT,EXACT,306.0,1.0,4.987329993433319e-16,4.966730152156096e-16,2.4978716819898045e-13,1.0,
log_price,Risk,绝对误差,绝对误差,False,EXACT,EXACT,306.0,1.0,4.991385083030764e-11,4.980740264670658e-11,3.690702465303813e-12,0.9999999999999996,
high_low_252d,Risk,绝对误差,绝对误差,False,EXACT,EXACT,306.0,1.0,4.9157122816723125e-11,4.9157122816723125e-11,2.2626457367071504e-11,0.9999999999999988,
high_low_126d,Risk,绝对误差,绝对误差,False,EXACT,EXACT,306.0,1.0,4.8344661607302435e-11,4.8344661607302435e-11,2.6636094551331965e-11,1.0,
high_low_63d,Risk,绝对误差,绝对误差,False,EXACT,EXACT,306.0,1.0,4.864308955632168e-11,4.864308955632168e-11,2.1231937992671036e-11,0.9999999999999996,
high_low_42d,Risk,绝对误差,绝对误差,False,EXACT,EXACT,306.0,1.0,4.915268192462463e-11,4.8413273390224276e-11,2.7931771106239623e-11,0.9999999999999994,
high_low_21d,Risk,绝对误差,绝对误差,False,EXACT,EXACT,306.0,1.0,4.9802384438635266e-11,4.8784309925054e-11,1.9863367505719558e-11,1.0,
volume_beta_120d_000300,Risk,绝对误差,绝对误差,False,EXACT,EXACT,306.0,1.0,4.9964032911020695e-11,4.932538821833532e-11,2.6201784841893816e-11,0.9999999999999998,
bias_std_turn_21d_504d,Liquidity,绝对误差,绝对误差,False,EXACT,EXACT,306.0,1.0,4.981370871348645e-11,4.9001988577934695e-11,6.310573594336167e-11,1.0,
beta_250d_000300,Risk,绝对误差,绝对误差,False,EXACT,EXACT,306.0,1.0,4.9658499534643845e-11,4.9186787975941117e-11,6.183583218160537e-11,1.0,
beta_125d_000300,Risk,绝对误差,绝对误差,False,EXACT,EXACT,306.0,1.0,4.9979548277789825e-11,4.9656234679673614e-11,5.406713085966631e-11,1.0,
bias_std_turn_21d_252d,Liquidity,绝对误差,绝对误差,False,EXACT,EXACT,306.0,1.0,4.9761306186724135e-11,4.927444285929283e-11,6.605112470630256e-11,1.0,
beta_60d_000300,Risk,绝对误差,绝对误差,False,EXACT,EXACT,306.0,1.0,4.999613223422017e-11,4.956963173263772e-11,7.34363983650674e-11,1.0,
bias_std_turn_42d_504d,Liquidity,绝对误差,绝对误差,False,EXACT,EXACT,306.0,1.0,4.9791781808750095e-11,4.9317597228260005e-11,6.760729371263326e-11,1.0,
bias_turn_21d_504d,Liquidity,绝对误差,绝对误差,False,EXACT,EXACT,306.0,1.0,4.9978431115871296e-11,4.964090267317589e-11,8.816752903260403e-11,1.0,
bias_std_turn_42d_252d,Liquidity,绝对误差,绝对误差,False,EXACT,EXACT,306.0,1.0,4.9947601610256236e-11,4.952989685058639e-11,1.0874913812636724e-10,1.0,
bias_std_turn_63d_504d,Liquidity,绝对误差,绝对误差,False,EXACT,EXACT,306.0,1.0,4.990699520313058e-11,4.920109319961341e-11,1.0372877339426775e-10,1.0,
bias_turn_42d_504d,Liquidity,绝对误差,绝对误差,False,EXACT,EXACT,306.0,1.0,4.9908410737486975e-11,4.904789838167112e-11,9.818091811234156e-11,0.9999999999999996,
bias_turn_63d_504d,Liquidity,绝对误差,绝对误差,False,EXACT,EXACT,306.0,1.0,4.990521884629118e-11,4.944142942275853e-11,1.2923170790155944e-10,1.0,
bias_turn_21d_252d,Liquidity,绝对误差,绝对误差,False,EXACT,EXACT,306.0,1.0,4.995087676817889e-11,4.9739323770836557e-11,1.4350058246824976e-10,1.0,
bias_std_turn_126d_504d,Liquidity,绝对误差,绝对误差,False,EXACT,EXACT,306.0,1.0,4.938571773749345e-11,4.852182509951231e-11,1.5508314468517074e-10,0.9999999999999996,
bias_std_turn_63d_252d,Liquidity,绝对误差,绝对误差,False,EXACT,EXACT,306.0,1.0,4.9927569023555656e-11,4.89735029439442e-11,1.6605757143036834e-10,1.0,
bias_turn_126d_504d,Liquidity,绝对误差,绝对误差,False,EXACT,EXACT,306.0,1.0,4.966559802310755e-11,4.9239392077571325e-11,1.5554724374570646e-10,1.0,
bias_std_turn_126d_252d,Liquidity,绝对误差,绝对误差,False,EXACT,EXACT,306.0,1.0,4.994413216330429e-11,4.939898767819528e-11,1.6810566492038834e-10,0.9999999999999998,
bias_turn_42d_252d,Liquidity,绝对误差,绝对误差,False,EXACT,EXACT,306.0,1.0,4.984418433551241e-11,4.9634906601481166e-11,1.8583281965957138e-10,1.0,
bias_turn_63d_252d,Liquidity,绝对误差,绝对误差,False,EXACT,EXACT,306.0,1.0,4.9765275234037176e-11,4.942033310362248e-11,2.5773202251926877e-10,1.0,
sharpe_60d,Risk,绝对误差,绝对误差,False,EXACT,EXACT,306.0,1.0,4.9822063141746747e-11,4.952144944114778e-11,2.7342233888268915e-10,1.0,
bias_turn_126d_252d,Liquidity,绝对误差,绝对误差,False,EXACT,EXACT,306.0,1.0,4.9830764514702246e-11,4.948444423322207e-11,3.706988816468157e-10,1.0,
turnover_ma_20d_120d,Liquidity,绝对误差,绝对误差,False,EXACT,GOOD,306.0,1.0,1.4229243898711277e-06,1.3645535861472878e-06,5.809278887519352e-10,0.9999999999982636,
days_down_up,Momentum,绝对误差,绝对误差,False,EXACT,EXACT,306.0,1.0,0.0,0.0,0.0,1.0,
rsi,Reversal,绝对误差,绝对误差,False,EXACT,EXACT,306.0,1.0,0.0,0.0,0.0,1.0,
ma_20d,Momentum,绝对误差,绝对误差,False,EXACT,EXACT,306.0,1.0,1.8189894035458565e-12,1.8189894035458565e-12,0.0,1.0,
price_dist,Reversal,绝对误差,绝对误差,False,EXACT,EXACT,306.0,1.0,5.551115123125784e-16,5.523359547510147e-16,4.3792883549689087e-16,1.0,
dif,Momentum,绝对误差,绝对误差,False,EXACT,EXACT,306.0,1.0,4.9587001171857985e-11,4.9307415095345415e-11,4.436217447047474e-13,0.9999999999999996,§G2 未沉淀窗口；截断后精确
dea,Momentum,绝对误差,绝对误差,False,EXACT,EXACT,306.0,1.0,4.9161563708821625e-11,4.8973625155213087e-11,4.815955800472285e-13,1.0,§G2 未沉淀窗口；截断后精确
MACD,Momentum,绝对误差,绝对误差,False,EXACT,EXACT,306.0,1.0,4.990852175978944e-11,4.9515547217993106e-11,8.928557643009797e-13,0.9999999999999998,§G2 未沉淀窗口；截断后精确
size,Size,绝对误差,绝对误差,False,EXACT,EXACT,306.0,1.0,4.976641321263742e-11,4.8767301308316745e-11,1.894664723538821e-12,1.0,
float_size,Size,绝对误差,绝对误差,False,EXACT,EXACT,306.0,1.0,4.992273261450464e-11,4.942179998579377e-11,2.030325366303345e-12,0.9999999999999996,
rsrs,Momentum,绝对误差,绝对误差,False,EXACT,EXACT,306.0,1.0,5.492850618793455e-11,5.287938420472926e-11,3.251592074992468e-11,0.9999999999999998,
return_252d,Momentum,绝对误差,绝对误差,False,EXACT,EXACT,306.0,1.0,4.9944728908180025e-11,4.9396205875629207e-11,1.2988457111441482e-10,1.0,
return_126d,Momentum,绝对误差,绝对误差,False,EXACT,EXACT,306.0,1.0,4.9793717760149285e-11,4.9304064303479216e-11,1.9332152682235047e-10,1.0,
price_position_ir_60d,Momentum,绝对误差,绝对误差,False,EXACT,EXACT,306.0,1.0,4.981981494012189e-11,4.971784546559111e-11,1.9432450113115087e-10,1.0,
return_63d,Momentum,绝对误差,绝对误差,False,EXACT,EXACT,306.0,1.0,4.9907772359247815e-11,4.952599927388056e-11,3.0391061746845407e-10,1.0,
return_42d,Momentum,绝对误差,绝对误差,False,EXACT,EXACT,306.0,1.0,4.980616787053638e-11,4.9343967800652417e-11,3.545052344755773e-10,1.0,
return_21d,Momentum,绝对误差,绝对误差,False,EXACT,EXACT,306.0,1.0,4.973557676812845e-11,4.9186149250757257e-11,3.9657618883626837e-10,0.9999999999999992,
return_5d,Momentum,绝对误差,绝对误差,False,EXACT,GOOD,306.0,1.0,4.989299771940292e-11,4.967278897233252e-11,9.837526279975667e-10,0.9999999999999996,
debt_asset_ratio,Quality,绝对误差,绝对误差,False,EXACT,FAIL,20241.0,1.0,0.2737351214100338,,6.27916467547965e-11,0.9997211448949764,
de,Quality,绝对误差,绝对误差,False,EXACT,FAIL,20241.0,1.0,2.065137865783007,,1.849493495235837e-11,0.999949686775934,
roe_y,Quality,绝对误差,绝对误差,False,EXACT,FAIL,20219.0,1.0,1.1145784785901238,,2.0105625447711816e-10,0.999239355356643,
roe_ttm,Quality,绝对误差,绝对误差,False,EXACT,FAIL,19996.0,1.0,1.5410332842702958,,1.618517633903019e-10,0.9999709305868862,
roe_ttm_lag63d,Quality,绝对误差,绝对误差,False,EXACT,FAIL,19916.0,1.0,0.1494864613131648,,1.8680712156013749e-10,0.999998047903338,
current_ratio,Quality,绝对误差,绝对误差,False,EXACT,FAIL,19889.0,1.0,0.9102180383744812,,8.147573851433705e-12,0.999987633946534,
quick_ratio,Quality,绝对误差,绝对误差,False,EXACT,FAIL,19805.0,1.0,0.7921903736592266,,1.000375944904999e-11,0.9999885943633472,
yoy_revenue,Growth,绝对误差,绝对误差,False,EXACT,FAIL,18942.0,1.0,3.754372759937634,,5.998656363788576e-11,0.9999912837330784,
peg_252d,Growth,绝对误差,绝对误差,False,EXACT,FAIL,18639.0,0.9950883562009504,5.983783665376872e+16,,2.0930753880739808e-14,0.4705767148636544,
return_std_42d,Risk,绝对误差,绝对误差,False,EXACT,GOOD,438.0,1.0,4.9662839812780746e-11,4.887298980446597e-11,9.73359217360472e-10,1.0,
beta_500d_000300,Risk,绝对误差,绝对误差,False,EXACT,GOOD,438.0,1.0,1.4335447241053956e-05,1.421495238607351e-05,6.598104672004543e-11,0.9999999999045224,
book_to_market,Value,绝对误差,绝对误差,False,EXACT,FAIL,438.0,1.0,0.2496935320691617,0.2433721768269041,1.283929823103012e-11,0.9996068264968616,
nl_size,Size,横截面Spearman,绝对误差,True,GOOD,GOOD,51.0,,0.9979130079488604,,0.999633839179828,0.999633839179828,
alpha101_1,Alpha101,分档一致率/Spearman取较优,横截面Spearman,False,GOOD,GOOD,6.0,,,,,0.9982141800972542,
alpha101_21,Alpha101,分档一致率/Spearman取较优,绝对误差,False,GOOD,GOOD,6.0,,,,,0.9937627661848398,
alpha101_27,Alpha101,分档一致率/Spearman取较优,横截面Spearman,False,GOOD,GOOD,6.0,,,,,0.9931102087041076,
alpha101_7,Alpha101,分档一致率/Spearman取较优,绝对误差,False,GOOD,GOOD,6.0,,,,,0.991069596896946,
cash_ratio,Quality,横截面Spearman,横截面Spearman,False,GOOD,GOOD,4.0,,0.999747110781471,,0.9998162192943744,0.9998162192943744,
delta_cash_ratio,Quality,横截面Spearman,横截面Spearman,False,GOOD,GOOD,4.0,,0.999199224198372,,0.99952277122502,0.99952277122502,
delta_current_ratio,Quality,横截面Spearman,横截面Spearman,False,GOOD,GOOD,4.0,,0.9993834201494904,,0.9993908075331384,0.9993908075331384,
delta_de,Quality,横截面Spearman,横截面Spearman,False,GOOD,GOOD,4.0,,0.9985166605283956,,0.9990364223933148,0.9990364223933148,
delta_quick_ratio,Quality,横截面Spearman,横截面Spearman,False,GOOD,GOOD,4.0,,0.9994957851137388,,0.9994996926389716,0.9994996926389716,
gpm_y,Quality,横截面Spearman,横截面Spearman,False,GOOD,GOOD,4.0,,0.9998285461563016,,0.9998286697921664,0.9998286697921664,
inventory_turnover,Quality,横截面Spearman,横截面Spearman,False,GOOD,GOOD,4.0,,0.9990476886577904,,0.999075743306069,0.999075743306069,
npm_q,Quality,横截面Spearman,横截面Spearman,False,GOOD,GOOD,4.0,,0.9998379286837789,,0.999865669493195,0.999865669493195,
npm_q_qoq,Quality,横截面Spearman,横截面Spearman,False,GOOD,GOOD,4.0,,0.6516756695192759,,0.9996720477564578,0.9996720477564578,
npm_tsh,Quality,横截面Spearman,横截面Spearman,False,GOOD,GOOD,4.0,,0.9983678619444748,,0.9997871060387572,0.9997871060387572,
opt_tpro,Quality,横截面Spearman,横截面Spearman,False,GOOD,GOOD,4.0,,0.9996300244992604,,0.999801360055746,0.999801360055746,
receivable_turnover,Quality,横截面Spearman,横截面Spearman,False,GOOD,GOOD,4.0,,0.999755469879887,,0.9998651983524224,0.9998651983524224,
roa_q,Quality,横截面Spearman,横截面Spearman,False,GOOD,GOOD,4.0,,0.9995493295916608,,0.9998440840892084,0.9998440840892084,
yoy_net_asset,Growth,横截面Spearman,横截面Spearman,False,GOOD,GOOD,4.0,,0.999055254279266,,0.9995759290862398,0.9995759290862398,
alpha101_44,Alpha101,横截面Spearman,横截面Spearman,False,GOOD,FAIL,33047.0,0.9975248271906788,1.1068945671487869,0.0353154159513172,0.999617109738736,0.999617109738736,数值口径差异（横截面名次一致，绝对量级不同）
alpha101_15,Alpha101,横截面Spearman,横截面Spearman,False,GOOD,FAIL,33007.0,0.996076892899176,1.0972648104078313,0.0570536561944997,0.9992063021199762,0.9992063021199762,数值口径差异（横截面名次一致，绝对量级不同）
alpha101_55,Alpha101,横截面Spearman,横截面Spearman,False,GOOD,FAIL,32990.0,0.9971888885530332,0.9285629570200088,0.0267507347195604,0.999644401625674,0.999644401625674,数值口径差异（横截面名次一致，绝对量级不同）
alpha101_50,Alpha101,横截面Spearman,横截面Spearman,False,GOOD,FAIL,32986.0,1.0,0.7805101706885511,0.014577657978758,0.9993186689739432,0.9993186689739432,数值口径差异（横截面名次一致，绝对量级不同）
alpha101_14,Alpha101,横截面Spearman,横截面Spearman,False,GOOD,FAIL,32979.0,0.9957427536231884,0.7736060205293787,0.0083294175996987,0.9997224634721464,0.9997224634721464,数值口径差异（横截面名次一致，绝对量级不同）
alpha101_3,Alpha101,横截面Spearman,横截面Spearman,False,GOOD,FAIL,32970.0,0.9954409589082456,0.8532760099508931,0.0197083362624067,0.999776533869272,0.999776533869272,数值口径差异（横截面名次一致，绝对量级不同）
alpha101_35,Alpha101,横截面Spearman,绝对误差,True,GOOD,FAIL,32465.0,0.9826563351292452,0.908203125,0.0163232421875001,0.9990708735338796,0.9990708735338796,已复现
alpha101_36,Alpha101,横截面Spearman,横截面Spearman,False,GOOD,FAIL,32007.0,0.990315594059406,0.6863620430073794,0.0101821284350787,0.999518196913086,0.999518196913086,数值口径差异（横截面名次一致，绝对量级不同）
alpha101_66,Alpha101,横截面Spearman,横截面Spearman,False,GOOD,FAIL,26548.0,0.7965196519651965,0.1502701244328246,0.0073999004428471,0.9998157756509596,0.9998157756509596,覆盖率不足（官方 33330 / 重叠 26548）
return_std_21d,Risk,绝对误差,绝对误差,False,GOOD,GOOD,306.0,1.0,4.995392814677313e-11,4.9625607876496725e-11,1.6486168218229122e-09,1.0,
return_std_63d,Risk,绝对误差,绝对误差,False,GOOD,GOOD,306.0,1.0,4.9810926217030975e-11,4.941895373825056e-11,1.6099244185542366e-09,0.9999999999999992,
return_std_126d,Risk,绝对误差,绝对误差,False,GOOD,GOOD,306.0,1.0,4.9928797207776654e-11,4.967101409000807e-11,1.671254092900593e-09,1.0,
return_std_252d,Risk,绝对误差,绝对误差,False,GOOD,GOOD,306.0,1.0,4.954952073643604e-11,4.9433016794525597e-11,1.6696678108582982e-09,1.0,
avg_turnover_21d,Liquidity,绝对误差,绝对误差,False,GOOD,GOOD,306.0,1.0,4.761905106343001e-11,4.7619048461344786e-11,2.961879437865732e-09,1.0,
avg_turnover_42d,Liquidity,绝对误差,绝对误差,False,GOOD,GOOD,306.0,1.0,4.761904932870653e-11,4.7619048461344786e-11,3.098607062055781e-09,0.9999999999999998,
avg_turnover_126d,Liquidity,绝对误差,绝对误差,False,GOOD,GOOD,306.0,1.0,4.9206350799524394e-11,4.920634988879458e-11,3.238025009334624e-09,1.0,
avg_turnover_252d,Liquidity,绝对误差,绝对误差,False,GOOD,GOOD,306.0,1.0,4.9206349932162656e-11,4.9206349476797745e-11,3.481689665829002e-09,1.0,
avg_turnover_63d,Liquidity,绝对误差,绝对误差,False,GOOD,GOOD,306.0,1.0,4.9206350799524394e-11,4.9206349064800925e-11,3.311852396725952e-09,1.0,
volume_alpha_300d_000001,Liquidity,绝对误差,绝对误差,False,GOOD,GOOD,306.0,1.0,4.9911718855155656e-11,4.9531025071367075e-11,5.206809302121763e-09,0.9999999999999998,
std_turnover_252d,Liquidity,绝对误差,绝对误差,False,GOOD,GOOD,306.0,1.0,4.9840657859526176e-11,4.935519488762085e-11,6.671502672436699e-09,1.0,
std_turnover_126d,Liquidity,绝对误差,绝对误差,False,GOOD,GOOD,306.0,1.0,4.9971712531848844e-11,4.9696334731858655e-11,6.801183752758037e-09,1.0,
volume_alpha_300d_000300,Liquidity,绝对误差,绝对误差,False,GOOD,GOOD,306.0,1.0,4.978852529910482e-11,4.911859612620473e-11,8.413785414560373e-09,1.0,
std_turnover_63d,Liquidity,绝对误差,绝对误差,False,GOOD,GOOD,306.0,1.0,4.988922491268311e-11,4.9714435747336826e-11,7.811866212916532e-09,0.9999999999999998,
std_turnover_42d,Liquidity,绝对误差,绝对误差,False,GOOD,GOOD,306.0,1.0,4.998682132280329e-11,4.7543630620969216e-11,8.759757341824668e-09,1.0,
std_turnover_21d,Liquidity,绝对误差,绝对误差,False,GOOD,GOOD,306.0,1.0,4.990053986339559e-11,4.96997365517001e-11,9.813746183093252e-09,0.9999999999999998,
turnover_ma_20d,Liquidity,绝对误差,绝对误差,False,GOOD,GOOD,306.0,1.0,4.6486928553541446e-10,4.4756072687735555e-10,2.6068507909258024e-08,0.9999999999999986,
beta_1320d_000001,Risk,绝对误差,绝对误差,False,GOOD,GOOD,306.0,1.0,6.135975265331162e-06,6.133071338537688e-06,5.89462805268416e-07,0.9999999998940242,
beta_1000d_000300,Risk,绝对误差,绝对误差,False,GOOD,GOOD,306.0,1.0,8.567317558161314e-06,8.524404006460263e-06,6.378705525704357e-07,0.9999999998208056,
sigma_1320d_000300,Risk,绝对误差,绝对误差,False,GOOD,GOOD,306.0,1.0,1.6284955097617407e-07,1.6214549120995708e-07,3.443307078312496e-07,0.9999999998746112,
sigma_1320d_000001,Risk,绝对误差,绝对误差,False,GOOD,GOOD,306.0,1.0,1.8043258734681824e-07,1.7985442990397713e-07,2.851621895109948e-07,0.9999999998269622,
beta_consistency_1320d_000300,Risk,绝对误差,绝对误差,False,GOOD,GOOD,306.0,1.0,1.898811890048424e-07,1.8924253545986316e-07,1.1950049103298709e-06,0.999999999848562,
sharpe_750d,Risk,绝对误差,绝对误差,False,GOOD,APPROX,306.0,1.0,7.513643196642439e-06,7.506974986540641e-06,3.4442190749557195e-06,0.999999998413912,
adjusted_sharpe_750d,Risk,绝对误差,绝对误差,False,GOOD,APPROX,306.0,1.0,3.343746997525159,3.331993385317219,1.983754883721068e-06,0.9999999940354952,
alpha_125d_000300,Momentum,绝对误差,绝对误差,False,GOOD,GOOD,306.0,1.0,4.963428539700443e-11,4.884727110104035e-11,2.1591081077701853e-08,0.9999999999999998,
alpha_250d_000300,Momentum,绝对误差,绝对误差,False,GOOD,GOOD,306.0,1.0,4.990140830933576e-11,4.9797020426991554e-11,2.621657946851262e-08,0.9999999999999996,
alpha_1000d_000300,Momentum,绝对误差,绝对误差,False,GOOD,GOOD,306.0,1.0,1.8313048249309115e-08,2.865246249170259e-09,3.6322666771863285e-07,0.999999999995882,
alpha_1320d_000001,Momentum,绝对误差,绝对误差,False,GOOD,APPROX,306.0,1.0,6.252974997278438e-08,6.249119819874658e-08,1.0187432443247993e-06,0.9999999996198378,
alpha_528d_000001,Momentum,绝对误差,绝对误差,False,GOOD,APPROX,306.0,1.0,9.268082821090475e-08,9.252141347488145e-08,1.0164358555053609e-06,0.9999999996274204,
alpha_792d_000001,Momentum,绝对误差,绝对误差,False,GOOD,APPROX,306.0,1.0,9.527672364994037e-08,9.520697990079368e-08,5.519560047373484e-06,0.9999999991676756,
alpha_500d_000300,Momentum,绝对误差,绝对误差,False,GOOD,APPROX,306.0,1.0,1.219389339766376e-07,1.1060007059413946e-07,2.367816815851904e-07,0.9999999993325076,
earnings_to_price,Value,绝对误差,绝对误差,False,GOOD,GOOD,255.0,0.8333333333333334,2.406707224206217e-06,2.036171844098656e-06,1.433629790091573e-06,0.99999999993865,覆盖率不足（官方 306 / 重叠 255）
alpha101_61,Alpha101,分档一致率/Spearman取较优,横截面Spearman,False,APPROX,APPROX,6.0,,,,,0.9307452719432284,§5.6 离散输出（±1）；分档一致率 0.96 接近
alpha101_62,Alpha101,分档一致率/Spearman取较优,横截面Spearman,False,APPROX,APPROX,6.0,,,,,0.9455073675183348,§5.6 离散输出（±1）；分档一致率 0.98 接近
yoy_roa,Growth,中位相对误差(用户标准),横截面Spearman,False,APPROX,APPROX,5.0,,,,0.0057476162093919,0.9836700587270104,§5.7 已排除报告期偏移；§5.9 f_ann_date 仅 +0.0014 ⇒ 成因未定
yoy_roe,Growth,中位相对误差(用户标准),横截面Spearman,False,APPROX,APPROX,5.0,,,,0.0057972928717749,0.9851233543565284,§5.7 已排除报告期偏移；§5.9 f_ann_date 仅 +0.0033 ⇒ 成因未定
delta_roa,Quality,中位相对误差(用户标准),横截面Spearman,False,APPROX,APPROX,5.0,,,,0.0099160766625288,0.9864221511275404,比率分母穿越 0 ⇒ 极端值主导（Spearman 0.9864）
ar_ap_to_revenue,Quality,横截面Spearman,横截面Spearman,False,APPROX,APPROX,4.0,,0.9810271764086026,,0.9931477019588256,0.9931477019588256,APPROX 0.9739：(预收−预付)/营收，科目口径待定
asset_growth_qoq,Growth,横截面Spearman,横截面Spearman,False,APPROX,APPROX,4.0,,0.756085654450927,,0.995848605389166,0.995848605389166,APPROX 0.9948：环比用 prev_report（上一披露期），报告期选择待定
delta_asset_turnover,Quality,横截面Spearman,横截面Spearman,False,APPROX,APPROX,4.0,,0.9927031892025412,,0.9938642661387808,0.9938642661387808,APPROX：Delta = 本期 − t-252；长尾由分母接近 0 主导
delta_gpm,Quality,横截面Spearman,横截面Spearman,False,APPROX,APPROX,4.0,,0.988723542377882,,0.9901165290629308,0.9901165290629308,APPROX：Delta = 本期 − t-252；长尾由分母接近 0 主导
delta_inventory_turnover,Quality,横截面Spearman,横截面Spearman,False,APPROX,APPROX,4.0,,0.995061717246526,,0.9960061224202216,0.9960061224202216,APPROX：Delta = 本期 − t-252；长尾由分母接近 0 主导
delta_roe,Quality,横截面Spearman,横截面Spearman,False,APPROX,APPROX,4.0,,0.988774177239588,,0.9910164520854664,0.9910164520854664,APPROX：Delta = 本期 − t-252；长尾由分母接近 0 主导
eaa,Growth,横截面Spearman,横截面Spearman,False,APPROX,APPROX,4.0,,0.995966448842228,,0.9980447409026568,0.9980447409026568,§5.10 疑同因：大并列块 1167 只（供方分组规则未披露）
gpm_qoq,Quality,横截面Spearman,横截面Spearman,False,APPROX,APPROX,4.0,,0.7217019355537424,,0.9964413257542876,0.9964413257542876,APPROX 0.9955：TTM 毛利率环比，分母穿越 0 影响长尾；并列 23 只
gross_margin_qoq,Growth,横截面Spearman,横截面Spearman,False,APPROX,APPROX,4.0,,0.7217019355537424,,0.9964413257542876,0.9964413257542876,APPROX 0.9955：同 gpm_qoq（二者实现相同）
npm_ttm_qoq,Quality,横截面Spearman,横截面Spearman,False,APPROX,APPROX,4.0,,0.5863499033664019,,0.9974069778801944,0.9974069778801944,APPROX：TTM 净利率环比，分母穿越 0 影响长尾；并列 22 只
pa,Growth,横截面Spearman,横截面Spearman,False,APPROX,APPROX,4.0,,0.9745349350236188,,0.9952324287944492,0.9952324287944492,§5.10 疑同因：大并列块 850 只（供方分组规则未披露）
dividend_yield_3y_avg,Value,横截面Spearman,横截面Spearman,False,APPROX,APPROX,4.0,,0.9903898562666842,,0.990599381738687,0.990599381738687,§5.12 全市场 5416 只（原 600 只抽样）：0.987713 → **0.990599（APPROX）**；关键口径 = **剔除上市不足 3 年**的股票（无 3 年历史者 sum/3 被系统性低估；剔除<1年仅 0.989927，跳变正落在 3 年处）；窗口 735 已确认（756→0.9752、504→0.9527）
alpha101_34,Alpha101,横截面Spearman,横截面Spearman,False,APPROX,FAIL,33128.0,1.0,0.7563986204787801,0.1128205593491299,0.9946653559289966,0.9946653559289966,口径未标定（算子统计量定义）
alpha101_25,Alpha101,横截面Spearman,横截面Spearman,False,APPROX,FAIL,32820.0,0.9931009440813362,0.9735753468204986,0.0043907466358006,0.9977097641679284,0.9977097641679284,口径未标定（算子统计量定义）
alpha101_19,Alpha101,横截面Spearman,横截面Spearman,False,APPROX,FAIL,32297.0,0.9997833085685984,0.6139075371619613,0.2838398712289865,0.9936606473779944,0.9936606473779944,口径未标定（算子统计量定义）
alpha101_52,Alpha101,横截面Spearman,横截面Spearman,False,APPROX,FAIL,32224.0,0.996937165485877,7.772479718542854,0.2547943686469064,0.9966704975843464,0.9966704975843464,口径未标定（算子统计量定义）
alpha101_39,Alpha101,横截面Spearman,横截面Spearman,False,APPROX,FAIL,31852.0,0.9860079247152056,0.384551526529808,0.1513438173043195,0.9984945260254542,0.9984945260254542,口径未标定（算子统计量定义）
yoy_net_profit,Growth,绝对误差,绝对误差,False,APPROX,FAIL,18949.0,1.0,3398.295264221098,,0.0069560243523905,0.1093550185900884,§5.10 疑同因：原始比值型，长尾由分母穿越 0 主导（med_rel 0.0066 但 corr 0.12）
alpha101_65,Alpha101,分档一致率/Spearman取较优,横截面Spearman,False,FAIL,FAIL,6.0,,,,,0.738183808736707,§5.6 离散输出（±1）；分档一致率 0.87 仍不达标
alpha101_68,Alpha101,分档一致率/Spearman取较优,横截面Spearman,False,FAIL,FAIL,6.0,,,,,0.8024658954922328,§5.6 离散输出（±1）；分档一致率 0.90 仍不达标
delta_npm,Quality,中位相对误差(用户标准),横截面Spearman,False,FAIL,FAIL,5.0,,,,0.0111527966179347,0.984286852413458,比率分母穿越 0 ⇒ 极端值主导（Spearman 0.9843）
delta_opm,Quality,中位相对误差(用户标准),横截面Spearman,False,FAIL,FAIL,5.0,,,,0.0123921448659081,0.984982773892036,比率分母穿越 0 ⇒ 极端值主导（Spearman 0.9850）
cash_profit_ratio,Quality,中位相对误差(用户标准),横截面Spearman,False,FAIL,FAIL,5.0,,,,0.0145831590677066,0.8440357073381419,分子口径未标定 (OCF−NI)/NI
np_ttm_qoq,Growth,中位相对误差(用户标准),横截面Spearman,False,FAIL,FAIL,5.0,,,,0.0152389087768188,0.915666676285677,比率分母穿越 0；并列仅 22 只，影响小
income_tax_yoy,Quality,中位相对误差(用户标准),横截面Spearman,False,FAIL,FAIL,5.0,,,,0.0182699316078374,0.794903194970035,比率分母穿越 0 ⇒ 极端值主导
sa,Growth,中位相对误差(用户标准),横截面Spearman,False,FAIL,FAIL,5.0,,,,0.041088178441249,0.95133377681903,§5.10 疑同因：大并列块 564 只（供方分组规则未披露）
expenses_to_equity_yoy,Quality,中位相对误差(用户标准),横截面Spearman,False,FAIL,FAIL,5.0,,,,0.046975329447151,0.7752440771967609,比率分母穿越 0 ⇒ 极端值主导
cfcr,Quality,中位相对误差(用户标准),横截面Spearman,False,FAIL,FAIL,5.0,,,,0.0498077469128896,0.9655036999438998,⚠️ 官方截面仅 N=172 ⇒ 样本量不足、Spearman 不可靠；InterestExpense 字段未标定
tax_surcharge_yoy,Quality,中位相对误差(用户标准),横截面Spearman,False,FAIL,FAIL,5.0,,,,0.0532740625770474,0.9432126953222963,比率分母穿越 0 ⇒ 极端值主导
np_to_salary_yoy,Quality,中位相对误差(用户标准),横截面Spearman,False,FAIL,FAIL,5.0,,,,0.056995204816681,0.7949846436151592,比率分母穿越 0 ⇒ 极端值主导
np_to_deferred_tax_yoy,Quality,中位相对误差(用户标准),横截面Spearman,False,FAIL,FAIL,5.0,,,,0.0728721748260929,0.67389883878262,比率分母穿越 0 ⇒ 极端值主导
np_to_inventory_yoy,Quality,中位相对误差(用户标准),横截面Spearman,False,FAIL,FAIL,5.0,,,,0.0793850293177969,0.6484268343895309,比率分母穿越 0 ⇒ 极端值主导
np_to_fixed_assets_yoy,Quality,中位相对误差(用户标准),横截面Spearman,False,FAIL,FAIL,5.0,,,,0.1028512621517565,0.6178550510037951,比率分母穿越 0 ⇒ 极端值主导；疑 qdata 有裁剪（filter=True）
np_to_total_expenses_yoy,Quality,中位相对误差(用户标准),横截面Spearman,False,FAIL,FAIL,5.0,,,,0.1088900137866075,0.6053775478634549,比率分母穿越 0 ⇒ 极端值主导
eap,Growth,中位相对误差(用户标准),横截面Spearman,False,FAIL,FAIL,5.0,,,,0.1246847486916056,0.9290980305050868,EPS_Q 口径 + Close 分母待定
yoy_ocf,Growth,中位相对误差(用户标准),横截面Spearman,False,FAIL,FAIL,5.0,,,,0.1327185208638674,0.733656761554867,§5.10 供方分组规则未披露（并列块 1767 只；本地 yoy 分布与非并列组无法区分）
icr,Quality,中位相对误差(用户标准),横截面Spearman,False,FAIL,FAIL,5.0,,,,0.2155088618091865,0.8296097845078625,⚠️ 官方截面仅 N=106 ⇒ 样本量不足、Spearman 不可靠；InterestExpense 字段未标定
ebitda_to_market,Value,横截面Spearman,横截面Spearman,False,FAIL,FAIL,4.0,,0.9017015523619744,,0.9100411690981156,0.9100411690981156,§5.14 口径未定：EBITDA_TTM/mv 0.910（年报口径 0.973、EBIT+营业成本 0.599 均更差）
etp5,Value,横截面Spearman,横截面Spearman,False,FAIL,FAIL,4.0,,0.9838618228151464,,0.9843789632093602,0.9843789632093602,"§5.14 窗口口径未定：mean(归母年报,1260)/mean(mv,1260) 0.984；名次偏差中位 7.86%"
ncf_to_market,Value,横截面Spearman,横截面Spearman,False,FAIL,FAIL,4.0,,0.5361052900982648,,0.7128448710546782,0.7128448710546782,§5.14 口径未定：(OCF+ICF+筹资净额)_TTM/mv 0.713；最大偏差集中在银行；OCF+ICF 0.184、单季 0.202 均更差
ocf_to_market,Value,横截面Spearman,横截面Spearman,False,FAIL,FAIL,4.0,,0.7627716547907287,,0.862316375808843,0.862316375808843,§5.14 少数金融股错位主导：名次偏差中位仅 1.46% 但 p90 19.5%；最大偏差 8 只全为银行/券商（存款同业现金流科目差异）；分子取绝对值已否证
pegh5,Value,横截面Spearman,横截面Spearman,False,FAIL,FAIL,4.0,,0.9388352287558204,,0.940874657095404,0.940874657095404,§5.14 口径未定：-Close/(g5·EPS_TTM) 0.941；g5 用 EPS 年报 5 年复合增速
alpha101_58,Alpha101,分档一致率/Spearman取较优,横截面Spearman,False,FAIL,FAIL,4.0,,,,,0.7403749847352152,§5.11 行业标准未披露（四种最佳 0.7404）；分档一致率 0.62 亦不达标
alpha101_59,Alpha101,分档一致率/Spearman取较优,横截面Spearman,False,FAIL,FAIL,4.0,,,,,0.7496861946765789,§5.11 行业标准未披露（四种最佳 0.7497）；分档一致率 0.56 亦不达标
alpha101_29,Alpha101,横截面Spearman,横截面Spearman,False,FAIL,FAIL,33122.0,1.0,1.1082725120311754,0.946368266067655,0.8008510926531409,0.8008510926531409,股票池/停牌口径未标定
alpha101_8,Alpha101,横截面Spearman,横截面Spearman,False,FAIL,FAIL,33100.0,1.0,0.9932898077121146,0.1487140650063952,0.9829409466121098,0.9829409466121098,股票池/停牌口径未标定
alpha101_56,Alpha101,横截面Spearman,横截面Spearman,False,FAIL,FAIL,33085.0,0.999456242636619,0.8110794606622569,0.1140278612163234,0.9863534015323894,0.9863534015323894,股票池/停牌口径未标定
alpha101_45,Alpha101,横截面Spearman,横截面Spearman,False,FAIL,FAIL,31947.0,0.998125410066548,0.6975733574644716,0.4632528818630384,0.958108281407118,0.958108281407118,股票池/停牌口径未标定
alpha101_69,Alpha101,横截面Spearman,横截面Spearman,False,FAIL,FAIL,30250.0,0.9876261059779948,0.918154227863805,0.5775795879671851,0.872861668585355,0.872861668585355,口径未标定（IndNeutralize 行业分类口径）
alpha101_32,Alpha101,横截面Spearman,横截面Spearman,False,FAIL,FAIL,29621.0,1.0,0.0759477867767348,0.0022152914993948,0.9536833698086412,0.9536833698086412,股票池/停牌口径未标定
alpha101_48,Alpha101,横截面Spearman,横截面Spearman,False,FAIL,FAIL,29495.0,0.9998982981897078,0.1630543097764199,0.0175484742078966,0.920494228408108,0.920494228408108,口径未标定（IndNeutralize 行业分类口径）
alpha101_67,Alpha101,横截面Spearman,横截面Spearman,False,FAIL,FAIL,29330.0,0.990042194092827,0.6472646761357339,0.3622273148595322,0.75772575867429,0.75772575867429,口径未标定（IndNeutralize 行业分类口径）
alpha101_70,Alpha101,横截面Spearman,横截面Spearman,False,FAIL,FAIL,29215.0,0.953149978793514,0.7967769539318004,0.5561425203456702,0.8812641302194365,0.8812641302194365,口径未标定（IndNeutralize 行业分类口径）
alpha101_63,Alpha101,横截面Spearman,横截面Spearman,False,FAIL,FAIL,27972.0,0.9082407948568088,1.0324058931522704,0.7356157656368608,0.8776250821771316,0.8776250821771316,覆盖率不足（官方 30798 / 重叠 27972）
quality_composite,Quality,绝对误差,绝对误差,False,FAIL,FAIL,20275.0,0.9984733576282872,27871.437083516103,,0.0988549015957876,0.9008059850799696,OpCashInflow/InvCashInflow 字段 + filter=True 语义未标定
lra_yoy,Quality,绝对误差,横截面Spearman,True,FAIL,FAIL,5891.0,0.9996606142881383,2569.3690588839195,,1.4668493805666731,0.0708889771215217,LongtermReceivableAccount 字段未标定（Tushare lt_rec 仅覆盖 1693 只）
alpha101_64,Alpha101,横截面Spearman,横截面Spearman,False,NO_DATA,NO_DATA,0.0,0.0,,,,,未实现：未定义标识符 '未定义变量 Delta_Mix'
