factor,variant,n,sp,gap_med,gap_p99
earnings_cut_to_market,归母TTM/mv,5086,0.9999973956670137,18.0,115.0
earnings_cut_to_market,|归母TTM|/mv,5086,0.4142549820414676,741.0,4969.639999999999
ebitda_to_market,EBITDA_TTM/mv,5084,0.9775052672809272,186.0,1379.4000000000015
ebitda_to_market,|EBITDA_TTM|/mv,5084,0.8211421713281325,397.0,4357.480000000003
ncf_to_market,(OCF+ICF+Fin)/mv,5086,0.5361052900982648,708.0,4273.24
ncf_to_market,(|OCF|+|ICF|+|Fin|)/mv,5086,-0.025516427254664055,1369.0,4822.439999999999
ncf_to_market,|OCF+ICF+Fin|/mv,5086,-0.032029881356180186,1193.0,4891.48
ocf_to_market,OCF_TTM/mv,5086,0.7627716547907287,119.0,4389.949999999999
ocf_to_market,"max(OCF,0)/mv",5086,0.7611136844977586,178.5,3985.33
ocf_to_market,OCF_TTM/mv（含存款同业）,283,0.7368276807125728,2345.0,4561.099999999999
ocf_to_market,|OCF_TTM|/mv,5086,0.5280238336579409,564.9999999999999,4823.0
ocf_to_market,-OCF_TTM/mv,5086,-0.7627716547907287,2180.0,4938.66
