factor,variant,n,N,sp_shared,rank_gap_med,rank_gap_p99
earnings_cut_to_market,归母净利润TTM（__attr）,4969,5202,0.9999973956670137,75.0,232.0
earnings_cut_to_market,扣非净利润TTM（基线）,4969,5202,0.7257341428070123,610.0,3123.239999999998
ebitda_to_market,EBITDA 年报（__y）,5033,5279,0.9728953428689278,226.0,1522.0400000000081
ebitda_to_market,EBITDA_TTM（基线）,5033,5279,0.7061590612794225,646.0,3169.360000000008
fcf_to_market,(OCF−投资流出)TTM（基线）,4755,4838,0.8507067223574697,3286.0,12763.200000000004
fcf_to_market,(OCF−购建固定资产),4755,4838,0.3325949868944034,3240.0,15729.940000000002
fcf_to_market,Tushare free_cashflow,4755,4838,0.24174727008467117,3154.0,16673.280000000002
ncf_to_market,Fin 部分,4177,4218,0.49045850106792677,403.0,3862.199999999999
ncf_to_market,OCF+ICF+Fin（基线）,4177,4218,0.34015087293898877,819.0,3775.199999999999
ncf_to_market,OCF+ICF,4177,4218,0.1838036066487828,763.0,3917.199999999999
ocf_to_market,OCF_TTM/mv（基线）,4768,4851,0.5589983293694689,727.0,3943.2999999999993
sales_to_market,TTM 营业总收入,5035,5285,0.9573834688138694,282.0,1592.9399999999987
sales_to_market,基线(单季营业总收入),5035,5285,0.6496049471815424,753.0,3367.5999999999985
