factor,n_days,n_stocks_med,spearman_med,med_rel_err,Spearman判,中位误差判
yoy_roa,5,4732,0.9836700587270103,0.005747616209391984,FAIL,APPROX
yoy_roe,5,4733,0.9851233543565284,0.005797292871774937,FAIL,APPROX
delta_roa,5,4732,0.9864221511275405,0.009916076662528842,FAIL,APPROX
delta_npm,5,4729,0.984286852413458,0.011152796617934757,FAIL,FAIL
delta_opm,5,4728,0.9849827738920359,0.012392144865908153,FAIL,FAIL
cash_profit_ratio,5,4806,0.8440357073381419,0.014583159067706618,FAIL,FAIL
np_ttm_qoq,5,4970,0.915666676285677,0.015238908776818882,FAIL,FAIL
income_tax_yoy,5,4679,0.794903194970035,0.018269931607837454,FAIL,FAIL
sa,5,4853,0.9513337768190301,0.041088178441249075,FAIL,FAIL
gpm_q,5,4953,0.977244520275796,0.04419257282067202,FAIL,FAIL
expenses_to_equity_yoy,5,4809,0.7752440771967609,0.046975329447151035,FAIL,FAIL
cfcr,5,165,0.9655036999438998,0.04980774691288969,FAIL,FAIL
tax_surcharge_yoy,5,4704,0.9432126953222965,0.05327406257704745,FAIL,FAIL
np_to_salary_yoy,5,4617,0.7949846436151592,0.05699520481668108,FAIL,FAIL
np_to_deferred_tax_yoy,5,4895,0.67389883878262,0.07287217482609291,FAIL,FAIL
np_to_inventory_yoy,5,4833,0.6484268343895309,0.07938502931779691,FAIL,FAIL
np_to_fixed_assets_yoy,5,4942,0.6178550510037951,0.10285126215175655,FAIL,FAIL
np_to_total_expenses_yoy,5,4812,0.6053775478634549,0.10889001378660755,FAIL,FAIL
eap,5,4888,0.9290980305050869,0.12468474869160567,FAIL,FAIL
yoy_ocf,5,4632,0.733656761554867,0.13271852086386748,FAIL,FAIL
icr,5,101,0.8296097845078625,0.21550886180918657,FAIL,FAIL
