variant,yoy_roa_sp,yoy_roa_rank_gap,yoy_roe_sp,yoy_roe_rank_gap
roa_ni_over_ta_end__t252,0.9795167035684222,16.43506867238557,0.883158018504662,90.14530885903514
roa_ni_over_ta_avg__t252,0.9795058054529064,16.665617756470247,0.883166852722421,89.8872997594168
roe_ni_over_eqi_end__t252,0.9483666347105757,55.53708991887777,0.9162888167015245,57.783752901612075
roa_npp_over_ta_end__t252,0.9181970128888315,31.244469847828114,0.9455749241794599,59.91132717592132
roe_npp_over_eqi_avg__t252,0.8879866950657359,83.98503069106025,0.9810306805569935,28.363272165162794
roe_npp_over_eqi_end__t252,0.8879328155907974,83.98503069106025,0.9810435373067083,28.249999881449998
roe_npp_over_eqx_end__t252,0.8864068493076505,84.90026696802745,0.9750669989192036,31.238844555042476
roa_ni_over_ta_end__t252_diff,0.2694246298119228,454.72406576127975,0.2831168923763964,492.287471361081
roa_ni_over_ta_avg__t252_diff,0.2693453688520321,455.2561020720518,0.28305501346535744,492.287471361081
roa_npp_over_ta_end__t252_diff,0.2680542962121206,481.1973684410527,0.28653521386913194,479.0348969138217
roe_ni_over_eqi_end__t252_diff,0.26082224844054275,439.2556252604852,0.24786230919835733,379.7943363342892
roe_npp_over_eqx_end__t252_diff,0.26032265497808416,459.22921429144793,0.25389113092073107,356.0860984991692
roe_npp_over_eqi_end__t252_diff,0.2574818051986039,456.2698321104185,0.25143812578638985,358.35183070171536
roe_npp_over_eqi_avg__t252_diff,0.25739567407123987,456.8719488477242,0.2513585357413106,358.83581235802944
