factor,family,verdict,n_overlap,n_official,coverage,max_abs_err,p99_abs_err,mean_abs_err,rel_err,corr,official_mag,note
net_interest_expense,basics,EXACT,60,120,0.5,0.0,0.0,0.0,0.0,1.0,432326001.01000005,已实现（EXACT）。覆盖率 50%：金融类标的的 interest_income/interest_expense 缺失。
administration_expense_ttm,basics,EXACT,180,180,1.0,9.5367431640625e-07,9.5367431640625e-07,1.5894571940104166e-07,3.358900603855269e-17,1.0,28392454224.803337,
financial_expense_ttm,basics,EXACT,120,120,1.0,9.5367431640625e-07,9.5367431640625e-07,3.8929283618927e-07,3.186186606423465e-16,1.0,2993152737.77,
market_cap,basics,EXACT,180,180,1.0,0.000244140625,0.000244140625,1.8480088975694443e-05,4.356158267831784e-16,1.0,560449391388.8889,已实现。注意 valuation 表单位为亿元，因子单位为元 → ×1e8。
circulating_market_cap,basics,EXACT,180,180,1.0,0.000244140625,0.000244140625,1.273685031467014e-05,4.615568627643844e-16,1.0,528950265277.7778,已实现。同 market_cap，需 ×1e8。
non_operating_net_profit_ttm,basics,EXACT,180,180,1.0,4.76837158203125e-07,4.76837158203125e-07,8.443991343180339e-08,7.173100708110031e-16,1.0,664757372.8666666,
interest_carry_current_liability,basics,EXACT,30,120,0.25,0.050048828125,0.050048828125,0.050048828125,1.9447526879308285e-13,,257353176245.0,已实现。覆盖率低（银行等金融类无「无息/有息」划分，官方对 000001.XSHE 直接返回 nan）。
net_operate_cash_flow_ttm,basics,EXACT,180,180,1.0,0.029998779296875,0.029998779296875,0.006666898727416992,2.186248453780718e-13,0.9999999999999983,137215782794.4833,
net_invest_cash_flow_ttm,basics,EXACT,180,180,1.0,0.020000457763671875,0.020000457763671875,0.003333747386932373,2.9740244749422216e-13,0.9999999999999979,67250481400.49499,
net_profit_ttm,basics,EXACT,180,180,1.0,0.0500030517578125,0.0500030517578125,0.01666863759358724,7.188111992417216e-13,1.0,69563540204.38333,
np_parent_company_owners_ttm,basics,EXACT,180,180,1.0,0.0500030517578125,0.0500030517578125,0.021666844685872395,7.337147768553146e-13,0.999999999999997,68150531153.433334,
interest_free_current_liability,basics,EXACT,30,180,0.16666666666666666,0.219970703125,0.219970703125,0.219970703125,7.338517383158247e-13,,299748152985.0,覆盖率不足（官方 180 / 重叠 30）
net_finance_cash_flow_ttm,basics,EXACT,180,180,1.0,0.04000091552734375,0.04000091552734375,0.019999186197916668,8.046458357044425e-13,0.999999999999998,49712449567.733345,
retained_earnings,basics,EXACT,180,180,1.0,0.399993896484375,0.399993896484375,0.1416651407877604,1.4020927545116356e-12,0.9999999999999998,285283477285.85,
total_operating_revenue_ttm,basics,EXACT,180,180,1.0,0.3900146484375,0.3900146484375,0.1316680908203125,2.0515182094527328e-12,0.9999999999999988,190110254269.46667,
operating_cost_ttm,basics,EXACT,120,180,0.6666666666666666,0.240020751953125,0.240020751953125,0.12000846862792969,2.4656087509875055e-12,1.0,97347461091.3,覆盖率不足（官方 180 / 重叠 120）
operating_revenue_ttm,basics,EXACT,180,180,1.0,0.480010986328125,0.480010986328125,0.17167154947916666,2.5333935529913117e-12,1.0,189473516959.63333,
goods_sale_and_service_render_cash_ttm,basics,EXACT,120,120,1.0,0.3700103759765625,0.3700103759765625,0.20500564575195312,2.5507762989340825e-12,1.0,145057948096.5,
EBIT,basics,EXACT,120,180,0.6666666666666666,0.0399932861328125,0.0399932861328125,0.009998440742492676,3.146898751865902e-12,1.0,12708793414.182499,已实现（EXACT）。实测为**单期**口径（净利+所得税+财务费用），非 TTM。
total_operating_cost_ttm,basics,EXACT,180,180,1.0,0.470001220703125,0.470001220703125,0.1483332316080729,3.748507017053309e-12,0.9999999999999984,125383577665.7,
total_profit_ttm,basics,EXACT,180,180,1.0,0.30999755859375,0.30999755859375,0.06833140055338542,3.944885758564113e-12,0.9999999999999994,78582138385.31667,
net_working_capital,basics,EXACT,120,120,1.0,0.480010986328125,0.480010986328125,0.24498653411865234,4.300324368538287e-12,0.9999999999999984,111622041778.975,
operating_profit_ttm,basics,EXACT,180,180,1.0,0.3400115966796875,0.3400115966796875,0.05833625793457031,4.353974526774804e-12,1.0,78092233794.38333,
sale_expense_ttm,basics,EXACT,120,120,1.0,0.04000091552734375,0.04000091552734375,0.010000228881835938,4.509345232123032e-12,1.0,8870670456.187502,
sales_to_price_ratio,basics,GOOD,180,180,1.0,4.944739486201222e-07,4.828150414804001e-07,2.375081432428378e-07,3.9036453069874626e-07,0.999999999999989,1.2666979444444446,
cash_flow_to_price_ratio,basics,GOOD,180,180,1.0,4.995242147772146e-07,4.864478068834517e-07,2.5449613890921366e-07,5.353490919535747e-06,0.9999999999984195,0.09330812777777779,
gross_profit_ttm,basics,APPROX,120,180,0.6666666666666666,447401272.6500244,447401272.6500244,186348499.45251465,0.006520324425090597,0.9999944682004115,68616412847.25,覆盖率不足（官方 180 / 重叠 120）
asset_impairment_loss_ttm,basics,FAIL,150,180,0.8333333333333334,19482966847.660007,19482966847.660007,4172951316.3000016,4.0583716615573895,0.9998108178627976,4800685711.516,**口径部分收敛，仍 FAIL**：官方把缺失季度按 0 计入（nan_as_zero 后覆盖度 90→150、corr 0.92→**0.9998**），但量级仍系统性偏大（如 000002 我算 4.14e10 vs 官方 2.19e10，约 1.9 倍）。仅用 asset_impairment_loss 单科目不足以复现，疑官方口径含其它减值科目或采用不同期间。
value_change_profit_ttm,basics,NO_DATA,0,180,0.0,,,,,,,「价值变动净收益」在 income 表映射不唯一（fair_value_variable_income / investment_income / asset_deal_income 均可疑）→ 未实现。
OperateNetIncome,basics,NO_DATA,0,180,0.0,,,,,,,文档为「经营活动净收益/利润总额(%) × 利润总额」，中间量无直接字段 → 未实现。
EBITDA,basics,NO_DATA,0,180,0.0,,,,,,,构成科目跨表且含折旧摊销，映射不唯一 → 未实现。
net_debt,basics,NO_DATA,0,180,0.0,,,,,,,需「总债务」定义，构成科目不唯一 → 未实现。
non_recurring_gain_loss,basics,NO_DATA,0,180,0.0,,,,,,,需归母净利润与扣非净利润之差，归母字段映射不唯一 → 未实现。
operating_assets,basics,NO_DATA,0,180,0.0,,,,,,,依赖 financial_assets → 未实现。
financial_assets,basics,NO_DATA,0,180,0.0,,,,,,,构成含「可供出售金融资产/持有至到期投资」，新准则下映射不唯一 → 未实现。
operating_liability,basics,NO_DATA,0,120,0.0,,,,,,,依赖 financial_liability → 未实现。
financial_liability,basics,NO_DATA,0,120,0.0,,,,,,,文档定义被截断，有息非流动负债构成不完整 → 未实现。
