factor,family,verdict,n_overlap,n_official,coverage,max_abs_err,p99_abs_err,mean_abs_err,rel_err,corr,official_mag,verdict_robust,p99_rel_err,med_rel_err,mean_rel_err,verdict_med,note,implemented
price_no_fq,technical,EXACT,180,180,1.0,0.0,0.0,0.0,0.0,0.9999999999999999,238.48494444444444,EXACT,0.0,0.0,0.0,EXACT,,True
MAC120,technical,GOOD,180,180,1.0,2.7336894677487678e-05,2.5412793848086374e-05,5.224111902432352e-06,2.5663934369782936e-05,0.9999999976964861,1.0651872111111111,GOOD,2.3857584453701756e-05,2.2076070437548627e-06,4.904407270326697e-06,GOOD,,True
MFI14,technical,GOOD,180,180,1.0,0.00107903937484366,0.0006932954993860838,4.863062291482972e-05,2.570877805857782e-05,0.9999999999755025,41.97163211666666,GOOD,1.6518192512956406e-05,4.869289260558005e-07,1.1586545593379204e-06,GOOD,**公式已确认，FAIL 由单只标的异常主导**：逐标的实测最大误差——000001 2.5e-05 ｜ 600519 3.9e-05 ｜ 002415 1.1e-04 ｜ 600036 4.0e-04 ｜ 000651 7.8e-04 ｜ **000002.XSHE 2.67（异常）**。5/6 标的达 GOOD 档，万科A 在 2026-02-26~03-02 持续偏离 ~2.67 → 疑停牌/数据源差异，非公式问题。已排除 typ*V vs 成交额、等值归类、min_periods 三种变体。,True
MAC60,technical,GOOD,180,180,1.0,3.779219648447629e-05,3.57974495325808e-05,6.091210091628706e-06,3.633534631733639e-05,0.9999999911775755,1.0400945722222223,GOOD,3.441749480155201e-05,1.566724515584659e-06,5.856400229658426e-06,GOOD,,True
EMA5,technical,GOOD,180,180,1.0,7.062580574268562e-05,3.6543938926819736e-05,3.33393897352035e-06,7.026362680373052e-05,0.9999998221251587,1.0051545722222224,GOOD,3.6356536533507905e-05,7.074726192593058e-07,3.3168420715130305e-06,GOOD,,True
boll_up,technical,GOOD,180,180,1.0,7.751481011974981e-05,6.340310905308514e-05,7.589127594220195e-06,7.16206697263038e-05,0.9999999736173076,1.082296638888889,GOOD,5.858200679452932e-05,1.7943713404732989e-06,7.012058729121963e-06,GOOD,,True
EMAC26,technical,GOOD,180,180,1.0,7.40303106991913e-05,6.764090829915252e-05,5.324732601629122e-06,7.240906568442816e-05,0.9999999613515987,1.0223900833333333,GOOD,6.615958957526325e-05,1.2509384716103875e-06,5.208122309117783e-06,GOOD,,True
EMAC20,technical,GOOD,180,180,1.0,8.297019079861467e-05,7.266254313012648e-05,5.16366133582808e-06,8.145067061776343e-05,0.999999943088085,1.018655711111111,GOOD,7.133179771884745e-05,1.3359550044574186e-06,5.0690937865510555e-06,GOOD,,True
EMAC12,technical,GOOD,180,180,1.0,9.231431053224881e-05,7.157835014844802e-05,4.899388411933048e-06,9.117871909667796e-05,0.9999998909392293,1.0124545666666667,GOOD,7.069783919697995e-05,1.3663441182341848e-06,4.8391192782738345e-06,GOOD,,True
EMAC10,technical,GOOD,180,180,1.0,9.268860022293435e-05,6.70118569696566e-05,4.5931401931240434e-06,9.171952887817207e-05,0.9999998704166229,1.0105655944444445,GOOD,6.631123930801956e-05,1.0999346468727802e-06,4.545118316292085e-06,GOOD,,True
MAC20,technical,APPROX,180,180,1.0,0.0001052415425635278,6.975252154480044e-05,5.805538560903983e-06,0.00010303135514548883,0.9999999507369378,1.0214516,GOOD,6.82876423560357e-05,1.7190772757620391e-06,5.683615905936202e-06,GOOD,,True
MAC5,technical,APPROX,180,180,1.0,0.00011605713209594803,5.6036398000230236e-05,4.276559014929379e-06,0.00011544012961518297,0.9999997078529352,1.0053447833333333,GOOD,5.573848785929468e-05,9.872247064503197e-07,4.253823251312817e-06,GOOD,,True
MAC10,technical,APPROX,180,180,1.0,0.00012808151865117967,0.0001071953393231608,5.991123423760354e-06,0.000126675596871739,0.9999998079264636,1.0110986,APPROX,0.00010601868039690769,1.3035350066888646e-06,5.925360220813632e-06,GOOD,,True
boll_down,technical,APPROX,180,180,1.0,0.00017310956144622747,8.958349558917975e-05,8.672948979862285e-06,0.00018020860304325865,0.9999997841096777,0.9606065333333333,GOOD,9.32572208085264e-05,1.6376527778607844e-06,9.028617523312998e-06,GOOD,,True
EMAC120,technical,APPROX,180,180,1.0,0.004036266096127505,0.003932747023439344,0.00124846191835393,0.003783296875362307,0.9999640334748549,1.0668647555555557,APPROX,0.0036862657642030903,0.0006831203967770133,0.0011702157296440165,APPROX,EWMA 暖机不足，**非公式错误**：误差随日期单调衰减（2025-12-01 为 1.66e-02 → 2026-03-02 为 6.98e-03）。span=120 需约 5×120=600 个交易日预热才能收敛，而试用账号窗口仅 372 日、可用预热不足 177 日 → 结构性不可复现。短期 span（EMA5/EMAC26 等）已 GOOD，印证该解释。,True
MACDC,technical,APPROX,180,180,1.0,3.756633853200554e-05,2.3956358025004496e-05,1.4667106065634266e-06,0.0037947819528880594,0.9999999273556496,0.009899472222222223,APPROX,0.0024199631543212513,4.3968510342178405e-05,0.00014816048508838395,GOOD,绝对误差 1.15e-05，与 GOOD 档同量级；APPROX 源于官方值量级本身很小（mean|·|≈0.0065）。公式已按 2*(DIF-DEA)/C 标定（其余三变体误差 1e-2 量级）。,True
Kurtosis120,risk,GOOD,180,180,1.0,4.94609182055683e-07,4.878052370571595e-07,2.6376458268331484e-07,1.0731744116756149e-07,0.9999999999999954,4.6088424833333335,GOOD,1.0584116051290076e-07,5.947930656689759e-08,5.723011442399042e-08,GOOD,,True
Kurtosis20,risk,GOOD,180,180,1.0,4.992481619225941e-07,4.92673608001315e-07,2.52845990734078e-07,1.338160390835627e-07,0.9999999999999957,3.730854427777778,GOOD,1.3205382775944112e-07,7.059161026440504e-08,6.77716045020501e-08,GOOD,,True
sharpe_ratio_20,risk,GOOD,180,180,1.0,4.963859354667477e-07,4.836988276779586e-07,2.1936405367107343e-07,1.520900363256908e-07,0.9999999999999984,3.263763672222222,GOOD,1.4820277331802616e-07,6.532927141263271e-08,6.721199072655695e-08,GOOD,,True
Kurtosis60,risk,GOOD,180,180,1.0,4.994285462966985e-07,4.942210631408984e-07,2.3669120442123177e-07,1.7991483219842264e-07,0.99999999999999,2.7759164722222227,GOOD,1.7803888124387846e-07,8.136910990333076e-08,8.526596775865946e-08,GOOD,,True
Skewness20,risk,GOOD,180,180,1.0,4.966104407699845e-07,4.911727235568097e-07,2.707216114990235e-07,3.815125085679196e-07,0.99999999999997,1.3016884888888889,GOOD,3.773350749810125e-07,2.219437818653318e-07,2.0797726476793946e-07,GOOD,,True
sharpe_ratio_60,risk,GOOD,180,180,1.0,4.988258293092684e-07,4.873208674732732e-07,2.439060415755067e-07,4.3164248882249953e-07,0.9999999999999742,1.1556457999999998,GOOD,4.2168704933057626e-07,2.1238635502378828e-07,2.1105605331279422e-07,GOOD,,True
sharpe_ratio_120,risk,GOOD,180,180,1.0,4.911835814191967e-07,4.846155931931273e-07,2.489741217522547e-07,4.955842289568015e-07,0.999999999999935,0.9911202833333335,GOOD,4.8895739633465e-07,2.558944886159385e-07,2.512047487464443e-07,GOOD,,True
Skewness120,risk,GOOD,180,180,1.0,4.976079468477224e-07,4.918922380825475e-07,2.591106244666704e-07,5.340780224237517e-07,0.9999999999999067,0.9317139555555555,GOOD,5.279434048932386e-07,2.749871904225556e-07,2.781010447698724e-07,GOOD,,True
Skewness60,risk,GOOD,180,180,1.0,4.928195840303573e-07,4.886530568384839e-07,2.375856211599609e-07,8.474797757602473e-07,0.9999999999999019,0.5815119111111111,GOOD,8.403147854784278e-07,4.070155858287922e-07,4.0856535630714664e-07,GOOD,,True
Variance20,risk,GOOD,180,180,1.0,4.957116726996003e-07,4.906805119074543e-07,2.6534783855147776e-07,9.095755901732763e-06,0.9999999999698189,0.05449922777777776,GOOD,9.003439716764773e-06,5.014244120685645e-06,4.8688366674375925e-06,GOOD,,True
Variance120,risk,GOOD,180,180,1.0,4.978840520697414e-07,4.956668926445543e-07,2.496275502163308e-07,9.365905658281941e-06,0.9999999999758972,0.053159200000000004,GOOD,9.32419774271536e-06,4.532629344798956e-06,4.695848511947711e-06,GOOD,,True
Variance60,risk,GOOD,180,180,1.0,4.974457475936944e-07,4.944080290655157e-07,2.5588032604565264e-07,9.57138854646061e-06,0.9999999999517893,0.05197216111111111,GOOD,9.51293959103456e-06,5.096565346415597e-06,4.923411314349753e-06,GOOD,,True
arron_down_25,momentum,EXACT,180,180,1.0,7.105427357601002e-15,7.105427357601002e-15,2.3684757858670006e-16,9.510536320405862e-17,1.0,74.71111111111111,EXACT,9.510536320405862e-17,0.0,3.1701787734686207e-18,EXACT,,True
arron_up_25,momentum,EXACT,180,180,1.0,7.105427357601002e-15,7.105427357601002e-15,3.1579677144893343e-16,1.7793223766947417e-16,1.0,39.93333333333333,EXACT,1.7793223766947417e-16,0.0,7.90809945197663e-18,EXACT,,True
Price3M,momentum,GOOD,180,180,1.0,4.931056043688473e-07,4.911260190472444e-07,2.3149415551402957e-07,8.832036569019215e-06,0.9999999999918024,0.05583147222222223,GOOD,8.796580127646442e-06,3.7862941527820406e-06,4.146302189428734e-06,GOOD,已实现（GOOD，maxerr ~5e-07）。⚠ **均值窗口不含当日** —— 文档写「过去一个月(21天)」，实际是「**不含当日的过去 20 日**」均值，即 ``C/MA(N-1).shift(1)-1``。宽池 160 只实测：Price1M 用 MA(20).shift(1) → max 5.0e-07 ✅ ｜用 MA(21) → 3.2e-02 ❌；Price3M 用 MA(60).shift(1) → 5.0e-07 ✅ ｜用 MA(61) → 1.1e-02 ❌。已排除「上一自然月均值」口径（rel 0.32）。⚠ 该「不含当日」是**本组因子特有**：BIAS/CCI/CR20/TRIX 实测均为**含当日**最优。,True
Price1M,momentum,GOOD,180,180,1.0,4.979414220430967e-07,4.97303572406689e-07,2.574153704231776e-07,1.2612640011673748e-05,0.9999999999762584,0.03947955555555556,GOOD,1.2596483557341073e-05,6.997949812912476e-06,6.520219561766422e-06,GOOD,已实现（GOOD，maxerr ~5e-07）。⚠ **均值窗口不含当日** —— 文档写「过去一个月(21天)」，实际是「**不含当日的过去 20 日**」均值，即 ``C/MA(N-1).shift(1)-1``。宽池 160 只实测：Price1M 用 MA(20).shift(1) → max 5.0e-07 ✅ ｜用 MA(21) → 3.2e-02 ❌；Price3M 用 MA(60).shift(1) → 5.0e-07 ✅ ｜用 MA(61) → 1.1e-02 ❌。已排除「上一自然月均值」口径（rel 0.32）。⚠ 该「不含当日」是**本组因子特有**：BIAS/CCI/CR20/TRIX 实测均为**含当日**最优。,True
BBIC,momentum,GOOD,180,180,1.0,6.865985450654755e-05,6.44915172742733e-05,4.413910589056035e-06,6.785426306164697e-05,0.9999999101913977,1.0118723777777776,GOOD,6.373483325625143e-05,1.1836893829163914e-06,4.362121830768461e-06,GOOD,,True
PLRC6,momentum,GOOD,180,180,1.0,4.939236127589298e-07,4.929374298383478e-07,2.4001228197585264e-07,8.315920106986975e-05,0.9999999992547679,0.005939494444444444,GOOD,8.29931628775949e-05,3.9736690430717813e-05,4.0409547347981804e-05,GOOD,,True
PLRC12,momentum,APPROX,180,180,1.0,4.992025654550203e-07,4.959940527712783e-07,2.5172802964745784e-07,0.00010499813830935784,0.999999998563975,0.004754394444444444,APPROX,0.00010432328629166477,5.518779960537612e-05,5.2946391509775646e-05,GOOD,,True
Volume1M,momentum,APPROX,180,180,1.0,4.93650782984207e-07,4.900345614048578e-07,2.595733778233057e-07,0.00015160152551112524,0.9999999970207959,0.0032562388888888886,APPROX,0.00015049097382780478,8.245658819329386e-05,7.97157047380755e-05,GOOD,,True
PLRC24,momentum,APPROX,180,180,1.0,4.997561835101195e-07,4.942973543443194e-07,2.3601348284607438e-07,0.00015226874840348139,0.9999999973664019,0.003282066666666667,APPROX,0.00015060551918841361,7.30852391944201e-05,7.191002097643995e-05,GOOD,,True
bear_power,momentum,APPROX,180,180,1.0,8.006393209178397e-06,7.621327762839455e-06,1.9241595517127584e-06,0.0002957304717550745,0.9999999956526584,0.02707327777777778,APPROX,0.0002815073898844703,4.962079854708132e-05,7.107227900170042e-05,GOOD,,True
bull_power,momentum,APPROX,180,180,1.0,7.968492225913365e-06,7.763838859697754e-06,1.9377653216914637e-06,0.00041667073868453596,0.9999999947245625,0.019124194444444444,APPROX,0.0004059694583346563,6.819726431186537e-05,0.00010132533045094521,GOOD,,True
BIAS60,momentum,APPROX,180,180,1.0,0.003999880377010712,0.0038439253525218322,0.0005730427498701056,0.0007333294237509491,0.9999999893285448,5.454411411111111,APPROX,0.0007047369666122767,2.4505516750669615e-05,0.00010506041929707899,GOOD,公式正确（corr=1.0000），残差为输入价精度放大（×100/做差放大），见 CALIBRATION。,True
MASS,momentum,APPROX,180,180,1.0,0.02812715336254712,0.02449577647021392,0.0013925278984945383,0.0010932428893095268,0.9999956743373896,25.728183222222228,APPROX,0.0009520989592866456,7.65130734491308e-06,5.412461060568664e-05,GOOD,已改用 SMA（实测标定）；残余 maxerr 2.7e-02 属精度放大。,True
ROC120,momentum,APPROX,180,180,1.0,0.019991462178214348,0.016897454171270098,0.0031740990186708653,0.0017279795473886584,0.999999929708294,11.569270138888891,APPROX,0.0014605462547262228,2.997194017656065e-05,0.00027435602942673656,GOOD,公式正确（corr=1.0000），残差为输入价精度放大（×100/做差放大），见 CALIBRATION。,True
TRIX10,momentum,APPROX,180,180,1.0,0.0005846450217592281,0.0002401839381719835,2.3154290376147368e-05,0.002149005868625882,0.9999999794393633,0.2720537111111111,APPROX,0.0008828548494745162,1.893000740339175e-05,8.510926126161457e-05,GOOD,公式正确（corr=1.0000），残差为输入价精度放大（×100/做差放大），见 CALIBRATION。,True
ROC60,momentum,APPROX,180,180,1.0,0.02115919630846097,0.012524462729882918,0.0012599135852947184,0.0025992197230118503,0.9999999599521849,8.140595472222223,APPROX,0.0015385192364145304,2.33916002699681e-05,0.00015476921677214683,GOOD,公式正确（corr=1.0000），残差为输入价精度放大（×100/做差放大），见 CALIBRATION。,True
CCI10,momentum,APPROX,180,180,1.0,0.2631589260610383,0.15545184364375217,0.01526634861891641,0.002715270484449511,0.9999999327486331,96.9181256777778,APPROX,0.0016039501647047997,2.850199072918318e-05,0.00015751799276094344,GOOD,公式正确（corr=1.0000），残差为输入价精度放大（×100/做差放大），见 CALIBRATION。,True
BIAS20,momentum,APPROX,180,180,1.0,0.011106061344668738,0.007722480345546871,0.0005674777966903446,0.0030347387760350955,0.9999999417210766,3.659643272222222,APPROX,0.0021101729789246913,4.434258007112415e-05,0.0001550636918624472,GOOD,公式正确（corr=1.0000），残差为输入价精度放大（×100/做差放大），见 CALIBRATION。,True
TRIX5,momentum,APPROX,180,180,1.0,0.0014877880824546441,0.0006712093472408659,5.591158147471067e-05,0.003531619117883297,0.9999999387690301,0.42127648333333334,APPROX,0.0015932751382891084,2.4445517770860147e-05,0.0001327194459854785,GOOD,公式正确（corr=1.0000），残差为输入价精度放大（×100/做差放大），见 CALIBRATION。,True
CCI20,momentum,APPROX,180,180,1.0,0.3558411397236796,0.2347470093862873,0.013478122369923209,0.0035890418602487506,0.9999999080393885,99.14655598333334,APPROX,0.0023676768906198673,1.8745091540992527e-05,0.00013594140750777968,GOOD,公式正确（corr=1.0000），残差为输入价精度放大（×100/做差放大），见 CALIBRATION。,True
single_day_VPT,momentum,APPROX,180,180,1.0,55.66767657834134,30.711719898146765,4.196225055546774,0.004908209813264492,0.9999999602856813,11341.7475406,APPROX,0.0027078472508939356,0.00012763467561885663,0.00036998046734205357,APPROX,,True
CCI15,momentum,APPROX,180,180,1.0,0.4782654776389279,0.19103962538864858,0.013893452980291638,0.004936234945996849,0.9999998762208615,96.8887184,APPROX,0.0019717427224081084,2.5931752115467196e-05,0.0001433959826254822,GOOD,公式正确（corr=1.0000），残差为输入价精度放大（×100/做差放大），见 CALIBRATION。,True
ROC12,momentum,APPROX,180,180,1.0,0.02846318808260584,0.01474923934528249,0.0011169607468607232,0.005878813169434694,0.999999811503021,4.841655494444444,APPROX,0.0030463215241576976,3.8965667044827574e-05,0.00023069810484087095,GOOD,公式正确（corr=1.0000），残差为输入价精度放大（×100/做差放大），见 CALIBRATION。,True
BIAS10,momentum,APPROX,180,180,1.0,0.013685727040461337,0.011060507339134421,0.000595687845662155,0.005918652400720452,0.9999997820803378,2.3123045777777778,APPROX,0.00478332631671042,5.169624741753849e-05,0.000257616514444925,GOOD,公式正确（corr=1.0000），残差为输入价精度放大（×100/做差放大），见 CALIBRATION。,True
ROC20,momentum,APPROX,180,180,1.0,0.04018505613192058,0.019548379931140114,0.0016771951348433984,0.006311899847651514,0.9999997373401127,6.366554777777779,APPROX,0.0030704801283377003,3.1072097867291165e-05,0.00026343842052495726,GOOD,公式正确（corr=1.0000），残差为输入价精度放大（×100/做差放大），见 CALIBRATION。,True
CCI88,momentum,APPROX,180,180,1.0,0.6829565406944198,0.4567904279283855,0.01546902152496728,0.0067898024018106925,0.9999997757475625,100.58562831111111,APPROX,0.004541309087571972,2.41218194721199e-05,0.00015378957993006349,GOOD,公式正确（corr=1.0000），残差为输入价精度放大（×100/做差放大），见 CALIBRATION。,True
BIAS5,momentum,APPROX,180,180,1.0,0.012323665802362882,0.005628632135598095,0.000426598874257655,0.009203361839151169,0.9999996832203323,1.3390395833333335,APPROX,0.0042034845016205415,6.884930628208935e-05,0.0003185857084192408,GOOD,公式正确（corr=1.0000），残差为输入价精度放大（×100/做差放大），见 CALIBRATION。,True
CR20,momentum,FAIL,180,180,1.0,1.0388644445338002,0.26334754033519586,0.018428116354471967,0.011745906428522202,0.999998493746897,88.44480848333335,APPROX,0.002977535311016264,3.0309522004778745e-05,0.00020835724188316362,GOOD,**口径未标定（非精度问题）**：已用全精度价（`round=False`）复测，误差不变；且误差与股价水平无关 → 排除「价格精度放大」假说。已排除窗口 shift±1、MA 窗口 20/21/22/23、均值 vs 求和、clip、前/后/不复权等变体，现行实现均为最优。残差 rel 1.5%~13%、corr ≥0.99999，误差有界。详见 conventions.py G 段。,True
ROC6,momentum,FAIL,180,180,1.0,0.04782299607229934,0.013805981749001193,0.0010357426681992029,0.014422328996499966,0.9999994722605633,3.315899677777778,APPROX,0.004163570400372779,4.982641242955347e-05,0.00031235645491341533,GOOD,**口径未标定（非精度问题）**：已用全精度价（`round=False`）复测，误差不变；且误差与股价水平无关 → 排除「价格精度放大」假说。已排除窗口 shift±1、MA 窗口 20/21/22/23、均值 vs 求和、clip、前/后/不复权等变体，现行实现均为最优。残差 rel 1.5%~13%、corr ≥0.99999，误差有界。详见 conventions.py G 段。,True
single_day_VPT_6,momentum,FAIL,180,180,1.0,194.75412897589376,150.06219798111124,4.886757258166467,0.02874385338217508,0.9999974077353035,6775.5052319,FAIL,0.022147750292420706,4.688552878058796e-05,0.0007212387993088619,GOOD,公式正确（corr=1.0000）；VPT 残差经 6 日均值累积后放大。,True
single_day_VPT_12,momentum,FAIL,180,180,1.0,205.660678497763,132.106786153563,6.465430938259574,0.048490102181177934,0.9999906228326891,4241.291918283333,FAIL,0.031147770231065196,4.271188760122965e-05,0.0015244013057409316,GOOD,公式正确（corr=1.0000）；VPT 残差经 12 日均值累积后放大。,True
Rank1M,momentum,FAIL,180,180,1.0,0.4136563333333334,0.40516071333333337,0.17066284814814814,0.7994782109365254,0.7769042148918509,0.5174078888888889,FAIL,0.7830586313699207,0.29683769800357374,0.3298419908413829,FAIL,"**口径已确认，残差来自 universe 构成**（goal-2 第 5 轮，用全市场面板 5190 只实测）：① 公式确认：``Rank1M = 1 − ret20.rank(axis=1, pct=True)``，**逐日截面 corr = +1.0000**（每日都完美同序）。② 窗口确认：``shift(20)``（19/21 的 maxerr 为 0.245/0.225）。③ 残余 maxerr 0.0088 ≈ **45/5190 个名次** → universe 构成差异：全市场只能取 ``types=['stock']``（5190 只），**北交所属付费模块**，且官方可能另有停牌/新股过滤规则。已排除 rank method（average/min/max/first/dense）与上市天数过滤。④ ⚠ **本族现行实现用 6 只标的的截面算 rank，结构性无效** —— 截面因子的 rank 必须在全市场截面上算，该值不可信；正确实现需 ``data.load_market_close``（约 13 万条/次）。⑤ 方法论：截面因子**不能看跨时 pooled corr**（本例 pooled 仅 0.33 会误导），必须看**逐日截面 corr**（1.0000）。",True
fifty_two_week_close_rank,momentum,NO_DATA,0,180,0.0,,,,,,,,,,,,同上：需 250 日窗口，当前面板仅 177 日 → 窗口不足。,True
Price1Y,momentum,NO_DATA,0,180,0.0,,,,,,,,,,,,需要 250 个交易日窗口，而面板被夹在账号区间左界（2025-06-09），至 2026-03-02 仅 177 日 → **窗口不足**，非公式错误。把比对区间移到账号窗口末端（2026-05 之后）即可覆盖。,True
VOL20,emotion,EXACT,180,180,1.0,2.220446049250313e-16,2.220446049250313e-16,3.484866716184519e-17,3.0953116367777117e-16,0.9999999999999999,0.7173578333333334,EXACT,3.0953116367777117e-16,0.0,4.8579196521650196e-17,EXACT,,True
VOL5,emotion,EXACT,180,180,1.0,4.440892098500626e-16,2.220446049250313e-16,4.625929269271486e-17,5.854457324439008e-16,1.0,0.7585488888888888,EXACT,2.927228662219504e-16,0.0,6.098393046290633e-17,EXACT,,True
VOL10,emotion,EXACT,180,180,1.0,4.440892098500626e-16,2.220446049250313e-16,4.1016572854207174e-17,5.868076849097779e-16,0.9999999999999999,0.7567883333333334,EXACT,2.9340384245488893e-16,0.0,5.419820978680587e-17,EXACT,,True
TVMA6,emotion,EXACT,180,180,1.0,0.005001068115234375,0.00500035285949707,0.002064858873685201,1.954489201047219e-12,0.9999999999999998,2558759655.7478,EXACT,1.9542096688388315e-12,6.514032229462771e-13,8.069764852853069e-13,EXACT,,True
TVMA20,emotion,EXACT,180,180,1.0,0.005000114440917969,0.004999926090240478,0.00201112793551551,1.9709990535082263e-12,1.0,2536842639.2788725,EXACT,1.9709248074061727e-12,7.883244354771602e-13,7.927681064550369e-13,EXACT,,True
VSTD20,emotion,EXACT,180,180,1.0,4.979083314538002e-06,4.90562291815877e-06,8.091118717048731e-07,4.084477982940367e-12,1.0,1219025.6222053666,EXACT,4.024216414158627e-12,2.813987593285401e-13,6.63736558909312e-13,EXACT,,True
VSTD10,emotion,EXACT,180,180,1.0,4.738569259643555e-06,4.421714693307878e-06,6.627567118913349e-07,4.666583841009856e-12,0.999999999999999,1015425.7206312446,EXACT,4.354542733622206e-12,3.080129916434037e-13,6.526885211055407e-13,EXACT,,True
TVSTD20,emotion,EXACT,180,180,1.0,0.004960298538208008,0.0047293758392334,0.0010666974716716342,5.052690524730498e-12,1.0,981714299.3281945,EXACT,4.817466591318676e-12,3.8881795386174124e-13,1.0865660940271476e-12,EXACT,,True
TVSTD6,emotion,EXACT,180,180,1.0,0.004927635192871094,0.004784774780273438,0.0007148252179225285,7.604515406816815e-12,1.0,647988060.9425656,EXACT,7.38404774512896e-12,4.459852543781611e-13,1.103145661175827e-12,EXACT,,True
WVAD,emotion,EXACT,180,180,1.0,4.99822199344635e-05,4.829756915569307e-05,5.470906525159889e-06,9.385852946242254e-12,1.0,5325272.0046583,EXACT,9.069502762195922e-12,2.2191015422902177e-13,1.027347808783137e-12,EXACT,,True
money_flow_20,emotion,EXACT,180,180,1.0,0.4966583251953125,0.43733963012695365,0.056389109293619795,9.785322040215838e-12,0.9999999999999998,50755439949.15445,EXACT,8.616606034054078e-12,5.252820035874259e-13,1.1109963651208425e-12,EXACT,,True
MAWVAD,emotion,EXACT,180,180,1.0,4.956871271133423e-05,4.653394222259524e-05,5.480008611711027e-06,9.83392680443851e-12,1.0,5040581.82423745,EXACT,9.23185930616948e-12,9.845803722885035e-14,1.0871777907384837e-12,EXACT,官方「计算方法」单元格为空，按名称实现（WVAD 的 6 日均值）。,True
VEMA10,emotion,EXACT,180,180,1.0,4.599057137966156e-05,4.4754333794116986e-05,4.320636475717442e-06,1.4516354388993757e-11,1.0,3168190.1769036055,EXACT,1.4126151302526013e-11,1.2064320133769328e-13,1.363755404336291e-12,EXACT,官方「计算方法」单元格为空，按名称实现（成交量的 N 日指数移动平均）。,True
VEMA5,emotion,EXACT,180,180,1.0,4.949234426021576e-05,4.648864269256595e-05,5.022734532960587e-06,1.558572084015164e-11,1.0,3175492.796760129,EXACT,1.4639819917084075e-11,1.2282660009931658e-13,1.5817181314614064e-12,EXACT,官方「计算方法」单元格为空，按名称实现（成交量的 N 日指数移动平均）。,True
VEMA12,emotion,EXACT,180,180,1.0,4.9656257033348083e-05,4.9069225788116455e-05,4.5662859014959795e-06,1.5748927601552003e-11,0.9999999999999997,3152992.9078126326,EXACT,1.556274537330244e-11,1.1701095358337826e-13,1.4482385577783647e-12,EXACT,官方「计算方法」单元格为空，按名称实现（成交量的 N 日指数移动平均）。,True
ATR6,emotion,GOOD,180,180,1.0,3.333342988298682e-07,3.3333415217384754e-07,2.0925933042049827e-07,4.416847657661575e-09,0.9999999999999997,75.46882407222222,GOOD,4.4168457143953e-09,4.416834570742375e-09,2.7727917188724326e-09,GOOD,,True
AR,emotion,GOOD,180,180,1.0,4.989642548025586e-07,4.937028931806254e-07,2.666351444228591e-07,4.463891783426253e-09,1.0,111.77785641111113,GOOD,4.4168219809549814e-09,2.5252443987319367e-09,2.3854021984658008e-09,GOOD,,True
BR,emotion,GOOD,180,180,1.0,4.981236259027355e-07,4.963999943896625e-07,2.58152496613996e-07,4.7593186230903295e-09,1.0,104.66280267222221,GOOD,4.742850198119225e-09,2.5530505011326482e-09,2.466516183619363e-09,GOOD,,True
ATR14,emotion,GOOD,180,180,1.0,4.285717807306355e-07,4.285716281060559e-07,2.2857144453578313e-07,5.7180879452757335e-09,0.9999999999999994,74.9501904888889,GOOD,5.718085908928946e-09,3.812048770776656e-09,3.0496446112390875e-09,GOOD,,True
PSY,emotion,GOOD,180,180,1.0,3.333333467026023e-07,3.333333467026023e-07,2.0925925744800604e-07,1.0069930474376232e-08,0.999999999999999,33.10185185,GOOD,1.0069930474376232e-08,1.0069929830415823e-08,6.321678267314402e-09,GOOD,,True
VEMA26,emotion,GOOD,180,180,1.0,0.03514677286148071,0.030640165768563765,0.005601594775443017,1.1629650598183523e-08,1.0,3022169.2874393333,GOOD,1.0138467721153041e-08,1.1172259926966493e-09,1.853501323941127e-09,GOOD,官方「计算方法」单元格为空，按名称实现（成交量的 N 日指数移动平均）。,True
VROC12,emotion,GOOD,180,180,1.0,4.948303597984705e-07,4.894689975287747e-07,2.402179593326436e-07,1.2432993582457699e-08,1.0,39.79977601666666,GOOD,1.2298285229640573e-08,5.969018719475599e-09,6.035661085932977e-09,GOOD,,True
VROC6,emotion,GOOD,180,180,1.0,4.996870899276473e-07,4.905628938445262e-07,2.7231885287674433e-07,1.4527587541540329e-08,1.0,34.39573766111111,GOOD,1.426231641483799e-08,7.76602443579427e-09,7.917226708722008e-09,GOOD,,True
ARBR,emotion,GOOD,180,180,1.0,4.98857325226254e-07,4.948893340994686e-07,2.433995004628061e-07,1.6380374298526143e-08,0.9999999999999987,30.454574244444444,GOOD,1.625008217574235e-08,7.574583806436855e-09,7.992214847896201e-09,GOOD,,True
VMACD,emotion,GOOD,180,180,1.0,0.016532080713659525,0.014402871852507824,0.0026360571184470276,1.6318044155575758e-07,1.0,101311.65571096112,GOOD,1.421640160891137e-07,1.5677963695017544e-08,2.6019287711254206e-08,GOOD,公式正确（corr=1.0000）；暖机不足导致 rel 2e-04。,True
VDIFF,emotion,GOOD,180,180,1.0,0.03514184895902872,0.03064231941709297,0.005601288027597523,2.179966055191591e-07,0.9999999999999999,161203.6521180611,GOOD,1.9008452361024292e-07,2.0957121925093276e-08,3.474665712595205e-08,GOOD,公式正确（corr=1.0000）；成交量 EMA 暖机不足（span 26 需约 130 日预热）。,True
VDEA,emotion,GOOD,180,180,1.0,0.051670929533429444,0.04504745124373588,0.008237434036865289,3.450648562016378e-07,0.9999999999999996,149742.66027032223,GOOD,3.008324492326648e-07,3.3168403996906695e-08,5.5010603003811335e-08,GOOD,公式正确（corr=1.0000）；VDIFF 的 EMA 二次暖机叠加。,True
VOSC,emotion,GOOD,180,180,1.0,2.332478435285168e-06,2.0740328711532663e-06,4.399611344140369e-07,4.2685090215157684e-07,0.9999999999999958,5.4643868,GOOD,3.7955454968035324e-07,5.878097832524338e-08,8.051427369929906e-08,GOOD,公式正确（corr=1.0000）；两个 VEMA 的暖机差异导致 rel 8e-04。,True
DAVOL10,emotion,GOOD,180,180,1.0,4.96736591859559e-07,4.945729529104437e-07,2.622577820083411e-07,4.4368246054639257e-07,0.9999999999990836,1.1195768055555555,GOOD,4.4174990983760784e-07,2.2826067745213197e-07,2.3424724476870864e-07,GOOD,,True
DAVOL5,emotion,GOOD,180,180,1.0,4.998771374609134e-07,4.991671226983741e-07,2.4448596309555194e-07,4.47979001583305e-07,0.9999999999995347,1.1158494833333334,GOOD,4.4734270181963226e-07,2.086400549873032e-07,2.1910299439778259e-07,GOOD,,True
DAVOL20,emotion,GOOD,180,180,1.0,4.979632031165693e-07,4.950376773527055e-07,2.603891590766436e-07,4.6088415374032057e-07,0.9999999999987357,1.0804519944444444,GOOD,4.581764667917967e-07,2.433521763874583e-07,2.410002114073866e-07,GOOD,,True
VOL60,emotion,GOOD,180,180,1.0,3.333333336019706e-07,3.33333333514263e-07,2.4444444445239877e-07,5.341623537361515e-07,0.9999999999996341,0.62403,GOOD,5.341623535956012e-07,5.34162353291372e-07,3.9171905910356676e-07,GOOD,,True
VOL120,emotion,GOOD,180,180,1.0,5.000000002919336e-07,5.00000000069889e-07,2.3333333335453756e-07,6.923701338461328e-07,0.9999999999998714,0.7221570888888889,GOOD,6.923701335386586e-07,2.3079004451288622e-07,3.2310606230223993e-07,GOOD,,True
VOL240,emotion,GOOD,60,180,0.3333333333333333,5.000000000143778e-07,4.999999999816262e-07,2.444444444453057e-07,6.966374656566478e-07,0.9999999999998072,0.7177334333333333,GOOD,6.966374656110158e-07,3.4831873275098157e-07,3.4057831653465644e-07,GOOD,需要 240 个交易日窗口，面板被夹在账号区间左界（2025-06-09），至 2026-03-02 仅 177 日 → **窗口不足**，非公式错误。,True
VR,emotion,GOOD,180,180,1.0,4.999511865610984e-07,4.980507940227641e-07,2.655293931833675e-07,6.990504149307953e-07,0.9999999999996203,0.7151861666666668,GOOD,6.963932151317673e-07,3.8904990491134866e-07,3.712731111969691e-07,GOOD,,True
turnover_volatility,emotion,APPROX,180,180,1.0,4.992502797783981e-07,4.961733994651545e-07,2.624879548163108e-07,0.0001629764478356175,0.999999992104209,0.0030633277777777778,APPROX,0.00016197202371373145,9.25258134500451e-05,8.568719179203434e-05,GOOD,已按 /100 标定（官方返回小数）。maxerr 仅 4.99e-07，但官方值量级本身极小（mean≈0.0013），故 rel 略超 GOOD 阈值 1e-4 → 落在 APPROX。,True
retained_earnings_per_share,pershare,GOOD,180,180,1.0,4.708744674175591e-07,4.708744674175591e-07,2.497124508258095e-07,9.267784518377242e-09,0.9999999999999992,50.80766244444445,GOOD,9.267784518377242e-09,4.900065260357766e-09,4.9148580905263475e-09,GOOD,,True
operating_revenue_per_share_ttm,pershare,GOOD,180,180,1.0,3.5511439033797387e-07,3.5511439033797387e-07,2.159325413882603e-07,9.784045900459378e-09,1.0,36.29524983333333,GOOD,9.784045900459378e-09,6.244913594462662e-09,5.949333380533703e-09,GOOD,同上：需 TTM 营业收入。,True
retained_profit_per_share,pershare,GOOD,180,180,1.0,4.2454710680317476e-07,4.2454710680317476e-07,2.0475088867834125e-07,9.965040240722308e-09,1.0,42.60365202222222,GOOD,9.965040240722308e-09,4.8829615610725064e-09,4.805946883885504e-09,GOOD,,True
total_operating_revenue_per_share_ttm,pershare,GOOD,180,180,1.0,4.1855568255755315e-07,4.1855568255755315e-07,2.52610103787829e-07,1.1393436375401455e-08,0.9999999999999978,36.73656206666666,GOOD,1.1393436375401455e-08,7.173528717663903e-09,6.876258680096733e-09,GOOD,同上：需 TTM 营业总收入。,True
net_asset_per_share,pershare,GOOD,90,180,0.5,3.0296015829378575e-07,3.0296015829378575e-07,2.162533162911965e-07,1.1640513433892642e-08,0.9999999999999996,26.026356999999997,GOOD,1.1640513433892642e-08,1.0690368509694893e-08,8.309012140700157e-09,GOOD,覆盖率不足（官方 180 / 重叠 90）,True
cash_and_equivalents_per_share,pershare,GOOD,180,180,1.0,4.5659945868692375e-07,4.5659945868692375e-07,1.869156725299427e-07,1.377624757363461e-08,1.0,33.14396436666667,GOOD,1.377624757363461e-08,4.4466015710265776e-09,5.639508613457426e-09,GOOD,已实现（GOOD）。注意口径：余额取自 **cash_flow.cash_and_equivalents_at_end**，**不是** balance.cash_equivalents（后者是「货币资金」）。,True
operating_profit_per_share_ttm,pershare,GOOD,180,180,1.0,3.2294483354178283e-07,3.2294483354178283e-07,1.584835066440841e-07,1.671779504753318e-08,1.0,19.317429877777776,GOOD,1.671779504753318e-08,6.0426716164082345e-09,8.20417144758988e-09,GOOD,同上：需 TTM 营业利润。,True
eps_ttm,pershare,GOOD,180,180,1.0,4.373292625814429e-07,4.373292625814429e-07,2.546536759807773e-07,2.8720910672147286e-08,0.9999999999999997,15.22685918888889,GOOD,2.8720910672147286e-08,1.908052677274072e-08,1.67239791753377e-08,GOOD,需 TTM 归母净利润（过去四季之和），受财务边界阻断。见 conventions.py F 段。,True
total_operating_revenue_per_share,pershare,GOOD,180,180,1.0,4.938904618612128e-07,4.938904618612128e-07,2.333940091760035e-07,4.8294545925911435e-08,1.0,10.226630199999999,GOOD,4.8294545925911435e-08,1.8427228155518144e-08,2.2822181364884352e-08,GOOD,,True
surplus_reserve_fund_per_share,pershare,GOOD,180,180,1.0,4.6715774981720415e-07,4.6715774981720415e-07,2.8964732118947404e-07,4.8604931588693284e-08,0.9999999999999997,9.611324088888887,GOOD,4.8604931588693284e-08,3.3698588889010726e-08,3.01360476986016e-08,GOOD,,True
operating_revenue_per_share,pershare,GOOD,180,180,1.0,4.938904618612128e-07,4.938904618612128e-07,2.3038951907731567e-07,4.8815395590397086e-08,0.9999999999999983,10.117514277777776,GOOD,4.8815395590397086e-08,1.7860630022683468e-08,2.277135596273344e-08,GOOD,,True
operating_profit_per_share,pershare,GOOD,180,180,1.0,3.136993989016901e-07,3.136993989016901e-07,2.1486673998248762e-07,5.423276444588985e-08,1.0,5.784315111111112,GOOD,5.423276444588985e-08,4.1635954308144453e-08,3.714644445454732e-08,GOOD,,True
net_operate_cash_flow_per_share,pershare,GOOD,180,180,1.0,4.968580107345133e-07,4.968580107345133e-07,3.2946088192937266e-07,9.851667140746558e-08,1.0,5.043390155555555,GOOD,9.851667140746558e-08,5.1813313619224216e-08,6.532528156015343e-08,GOOD,同上：需 TTM 经营活动现金流量净额。,True
capital_reserve_fund_per_share,pershare,GOOD,180,180,1.0,4.908275368364912e-07,4.908275368364912e-07,3.0206582187138026e-07,3.0018547512633236e-07,0.9999999999999766,1.6350809000000002,GOOD,3.0018547512633236e-07,2.1594022185552056e-07,1.8474059716028743e-07,GOOD,,True
cashflow_per_share_ttm,pershare,GOOD,180,180,1.0,4.912308202431603e-07,4.912308202431603e-07,2.500956316119074e-07,3.4064607356744957e-07,0.9999999999999934,1.4420563111111107,GOOD,3.4064607356744957e-07,1.6671820209065562e-07,1.734298651757972e-07,GOOD,同上：需 TTM 现金流量净额。,True
net_interest_expense,basics,EXACT,60,120,0.5,0.0,0.0,0.0,0.0,1.0,432326001.01000005,EXACT,0.0,0.0,0.0,EXACT,已实现（EXACT）。覆盖率 50%：金融类标的的 interest_income/interest_expense 缺失。,True
administration_expense_ttm,basics,EXACT,180,180,1.0,9.5367431640625e-07,9.5367431640625e-07,1.5894571940104166e-07,3.358900603855269e-17,1.0,28392454224.803337,EXACT,3.358900603855269e-17,0.0,5.598167673092114e-18,EXACT,,True
financial_expense_ttm,basics,EXACT,120,120,1.0,9.5367431640625e-07,9.5367431640625e-07,3.8929283618927e-07,3.186186606423465e-16,1.0,2993152737.77,EXACT,3.186186606423465e-16,9.956833145073329e-17,1.3006113295752035e-16,EXACT,,True
market_cap,basics,EXACT,180,180,1.0,0.000244140625,0.000244140625,1.8480088975694443e-05,4.356158267831784e-16,1.0,560449391388.8889,EXACT,4.356158267831784e-16,0.0,3.297369799956003e-17,EXACT,已实现。注意 valuation 表单位为亿元，因子单位为元 → ×1e8。,True
circulating_market_cap,basics,EXACT,180,180,1.0,0.000244140625,0.000244140625,1.273685031467014e-05,4.615568627643844e-16,1.0,528950265277.7778,EXACT,4.615568627643844e-16,0.0,2.4079485635537763e-17,EXACT,已实现。同 market_cap，需 ×1e8。,True
non_operating_net_profit_ttm,basics,EXACT,180,180,1.0,4.76837158203125e-07,4.76837158203125e-07,8.443991343180339e-08,7.173100708110031e-16,1.0,664757372.8666666,EXACT,7.173100708110031e-16,1.1207969856421924e-17,1.270236583727818e-16,EXACT,,True
interest_carry_current_liability,basics,EXACT,30,120,0.25,0.050048828125,0.050048828125,0.050048828125,1.9447526879308285e-13,,257353176245.0,EXACT,1.9447526879308285e-13,1.9447526879308285e-13,1.9447526879308285e-13,EXACT,已实现。覆盖率低（银行等金融类无「无息/有息」划分，官方对 000001.XSHE 直接返回 nan）。,True
net_operate_cash_flow_ttm,basics,EXACT,180,180,1.0,0.029998779296875,0.029998779296875,0.006666898727416992,2.186248453780718e-13,0.9999999999999983,137215782794.4833,EXACT,2.186248453780718e-13,1.7375448672595994e-18,4.858696712318017e-14,EXACT,,True
net_invest_cash_flow_ttm,basics,EXACT,180,180,1.0,0.020000457763671875,0.020000457763671875,0.003333747386932373,2.9740244749422216e-13,0.9999999999999979,67250481400.49499,EXACT,2.9740244749422216e-13,8.863080759292812e-19,4.957209699480063e-14,EXACT,,True
net_profit_ttm,basics,EXACT,180,180,1.0,0.0500030517578125,0.0500030517578125,0.01666863759358724,7.188111992417216e-13,1.0,69563540204.38333,EXACT,7.188111992417216e-13,7.187837804440697e-14,2.396174424793998e-13,EXACT,,True
np_parent_company_owners_ttm,basics,EXACT,180,180,1.0,0.0500030517578125,0.0500030517578125,0.021666844685872395,7.337147768553146e-13,0.999999999999997,68150531153.433334,EXACT,7.337147768553146e-13,2.9344672853707555e-13,3.179262775970433e-13,EXACT,,True
interest_free_current_liability,basics,EXACT,30,180,0.16666666666666666,0.219970703125,0.219970703125,0.219970703125,7.338517383158247e-13,,299748152985.0,EXACT,7.338517383158247e-13,7.338517383158247e-13,7.338517383158247e-13,EXACT,覆盖率不足（官方 180 / 重叠 30）,True
net_finance_cash_flow_ttm,basics,EXACT,180,180,1.0,0.04000091552734375,0.04000091552734375,0.019999186197916668,8.046458357044425e-13,0.999999999999998,49712449567.733345,EXACT,8.046458357044425e-13,4.022461826018203e-13,4.0229733943542097e-13,EXACT,,True
retained_earnings,basics,EXACT,180,180,1.0,0.399993896484375,0.399993896484375,0.1416651407877604,1.4020927545116356e-12,0.9999999999999998,285283477285.85,EXACT,1.4020927545116356e-12,8.763748295824044e-14,4.96576745823292e-13,EXACT,,True
total_operating_revenue_ttm,basics,EXACT,180,180,1.0,0.3900146484375,0.3900146484375,0.1316680908203125,2.0515182094527328e-12,0.9999999999999988,190110254269.46667,EXACT,2.0515182094527328e-12,7.889837245274007e-14,6.925880527921608e-13,EXACT,,True
operating_cost_ttm,basics,EXACT,120,180,0.6666666666666666,0.240020751953125,0.240020751953125,0.12000846862792969,2.4656087509875055e-12,1.0,97347461091.3,EXACT,2.4656087509875055e-12,1.2327651890863945e-12,1.2327847822900737e-12,EXACT,覆盖率不足（官方 180 / 重叠 120）,True
operating_revenue_ttm,basics,EXACT,180,180,1.0,0.480010986328125,0.480010986328125,0.17167154947916666,2.5333935529913117e-12,1.0,189473516959.63333,EXACT,2.5333935529913117e-12,4.2223225883188525e-13,9.060450886956444e-13,EXACT,,True
goods_sale_and_service_render_cash_ttm,basics,EXACT,120,120,1.0,0.3700103759765625,0.3700103759765625,0.20500564575195312,2.5507762989340825e-12,1.0,145057948096.5,EXACT,2.5507762989340825e-12,1.3788434874191906e-12,1.4132672386594965e-12,EXACT,,True
EBIT,basics,EXACT,120,180,0.6666666666666666,0.0399932861328125,0.0399932861328125,0.009998440742492676,3.146898751865902e-12,1.0,12708793414.182499,EXACT,3.146898751865902e-12,1.876012704994457e-17,7.867340680300004e-13,EXACT,已实现（EXACT）。实测为**单期**口径（净利+所得税+财务费用），非 TTM。,True
total_operating_cost_ttm,basics,EXACT,180,180,1.0,0.470001220703125,0.470001220703125,0.1483332316080729,3.748507017053309e-12,0.9999999999999984,125383577665.7,EXACT,3.748507017053309e-12,1.5948374929707037e-13,1.183035564701796e-12,EXACT,,True
total_profit_ttm,basics,EXACT,180,180,1.0,0.30999755859375,0.30999755859375,0.06833140055338542,3.944885758564113e-12,0.9999999999999994,78582138385.31667,EXACT,3.944885758564113e-12,3.817506104221818e-13,8.695538446451003e-13,EXACT,,True
net_working_capital,basics,EXACT,120,120,1.0,0.480010986328125,0.480010986328125,0.24498653411865234,4.300324368538287e-12,0.9999999999999984,111622041778.975,EXACT,4.300324368538287e-12,2.1946411098655944e-12,2.1947863541481796e-12,EXACT,,True
operating_profit_ttm,basics,EXACT,180,180,1.0,0.3400115966796875,0.3400115966796875,0.05833625793457031,4.353974526774804e-12,1.0,78092233794.38333,EXACT,4.353974526774804e-12,4.884861247110806e-17,7.4701740621442e-13,EXACT,,True
sale_expense_ttm,basics,EXACT,120,120,1.0,0.04000091552734375,0.04000091552734375,0.010000228881835938,4.509345232123032e-12,1.0,8870670456.187502,EXACT,4.509345232123032e-12,0.0,1.127336308030758e-12,EXACT,,True
sales_to_price_ratio,basics,GOOD,180,180,1.0,4.944739486201222e-07,4.828150414804001e-07,2.375081432428378e-07,3.9036453069874626e-07,0.999999999999989,1.2666979444444446,GOOD,3.8116035760376623e-07,1.95597903851425e-07,1.8750179889729389e-07,GOOD,,True
cash_flow_to_price_ratio,basics,GOOD,180,180,1.0,4.995242147772146e-07,4.864478068834517e-07,2.5449613890921366e-07,5.353490919535747e-06,0.9999999999984195,0.09330812777777779,GOOD,5.213348702505033e-06,2.7940745622900286e-06,2.727480927656383e-06,GOOD,,True
gross_profit_ttm,basics,APPROX,120,180,0.6666666666666666,447401272.6500244,447401272.6500244,186348499.45251465,0.006520324425090597,0.9999944682004115,68616412847.25,APPROX,0.006520324425090597,0.00216739763977587,0.0027158006622606925,APPROX,覆盖率不足（官方 180 / 重叠 120）,True
asset_impairment_loss_ttm,basics,FAIL,150,180,0.8333333333333334,19482966847.660007,19482966847.660007,4172951316.3000016,4.0583716615573895,0.9998108178627976,4800685711.516,FAIL,4.0583716615573895,0.09834758683482009,0.8692406808239552,FAIL,**口径部分收敛，仍 FAIL**：官方把缺失季度按 0 计入（nan_as_zero 后覆盖度 90→150、corr 0.92→**0.9998**），但量级仍系统性偏大（如 000002 我算 4.14e10 vs 官方 2.19e10，约 1.9 倍）。仅用 asset_impairment_loss 单科目不足以复现，疑官方口径含其它减值科目或采用不同期间。,True
value_change_profit_ttm,basics,NO_DATA,0,180,0.0,,,,,,,,,,,,「价值变动净收益」在 income 表映射不唯一（fair_value_variable_income / investment_income / asset_deal_income 均可疑）→ 未实现。,False
OperateNetIncome,basics,NO_DATA,0,180,0.0,,,,,,,,,,,,文档为「经营活动净收益/利润总额(%) × 利润总额」，中间量无直接字段 → 未实现。,False
EBITDA,basics,NO_DATA,0,180,0.0,,,,,,,,,,,,构成科目跨表且含折旧摊销，映射不唯一 → 未实现。,False
net_debt,basics,NO_DATA,0,180,0.0,,,,,,,,,,,,需「总债务」定义，构成科目不唯一 → 未实现。,False
non_recurring_gain_loss,basics,NO_DATA,0,180,0.0,,,,,,,,,,,,需归母净利润与扣非净利润之差，归母字段映射不唯一 → 未实现。,False
operating_assets,basics,NO_DATA,0,180,0.0,,,,,,,,,,,,依赖 financial_assets → 未实现。,False
financial_assets,basics,NO_DATA,0,180,0.0,,,,,,,,,,,,构成含「可供出售金融资产/持有至到期投资」，新准则下映射不唯一 → 未实现。,False
operating_liability,basics,NO_DATA,0,120,0.0,,,,,,,,,,,,依赖 financial_liability → 未实现。,False
financial_liability,basics,NO_DATA,0,120,0.0,,,,,,,,,,,,文档定义被截断，有息非流动负债构成不完整 → 未实现。,False
net_asset_growth_rate,growth,GOOD,180,180,1.0,4.870434482939778e-07,4.870434482939778e-07,2.7869452882851403e-07,5.025478882255497e-06,0.9999999999989564,0.09691483333333334,GOOD,5.025478882255497e-06,3.438255799704608e-06,2.875664325500713e-06,GOOD,已实现（EXACT）。⚠ 文档写「三季度前」，实测是 **4 个季度前**且用**总权益**（归母口径平均误差 11%）。,True
total_asset_growth_rate,growth,GOOD,180,180,1.0,4.902070849799323e-07,4.902070849799323e-07,3.2273886548724967e-07,6.507648810376848e-06,0.9999999999947969,0.07532783333333334,GOOD,6.507648810376848e-06,4.653953881948263e-06,4.284457035410766e-06,GOOD,,True
operating_revenue_growth_rate,growth,NO_DATA,0,180,0.0,,,,,,,,,,,,**结构性阻断**：需「去年同期 TTM」= 2024q2~2025q1，而账号财务数据只到 2025q1 → 2024 年财报取不到。已实测排除「自然年 2025 基期」等替代口径（与官方差 ~100%）。,False
net_operate_cashflow_growth_rate,growth,NO_DATA,0,180,0.0,,,,,,,,,,,,**结构性阻断**：需「去年同期 TTM」= 2024q2~2025q1，而账号财务数据只到 2025q1 → 2024 年财报取不到。已实测排除「自然年 2025 基期」等替代口径（与官方差 ~100%）。,False
total_profit_growth_rate,growth,NO_DATA,0,180,0.0,,,,,,,,,,,,**结构性阻断**：需「去年同期 TTM」= 2024q2~2025q1，而账号财务数据只到 2025q1 → 2024 年财报取不到。已实测排除「自然年 2025 基期」等替代口径（与官方差 ~100%）。,False
np_parent_company_owners_growth_rate,growth,NO_DATA,0,180,0.0,,,,,,,,,,,,**结构性阻断**：需「去年同期 TTM」= 2024q2~2025q1，而账号财务数据只到 2025q1 → 2024 年财报取不到。已实测排除「自然年 2025 基期」等替代口径（与官方差 ~100%）。,False
financing_cash_growth_rate,growth,NO_DATA,0,180,0.0,,,,,,,,,,,,**结构性阻断**：需「去年同期 TTM」= 2024q2~2025q1，而账号财务数据只到 2025q1 → 2024 年财报取不到。已实测排除「自然年 2025 基期」等替代口径（与官方差 ~100%）。,False
net_profit_growth_rate,growth,NO_DATA,0,180,0.0,,,,,,,,,,,,**结构性阻断**：需「去年同期 TTM」= 2024q2~2025q1，而账号财务数据只到 2025q1 → 2024 年财报取不到。已实测排除「自然年 2025 基期」等替代口径（与官方差 ~100%）。,False
PEG,growth,NO_DATA,0,60,0.0,,,,,,,,,,,,**结构性阻断**：需「去年同期 TTM」= 2024q2~2025q1，而账号财务数据只到 2025q1 → 2024 年财报取不到。已实测排除「自然年 2025 基期」等替代口径（与官方差 ~100%）。,False
inventory_turnover_days,quality,EXACT,120,120,1.0,1.9326073186221038e-07,1.9326073186221038e-07,8.351920754989806e-08,3.4609047948091336e-10,1.0,558.41100325,EXACT,3.4609047948091336e-10,1.0951604356605391e-10,1.4956583424002945e-10,EXACT,,True
OperatingCycle,quality,EXACT,60,120,0.5,2.0185609628242673e-07,2.0185609628242673e-07,1.5000929920461203e-07,3.9597625084923987e-10,1.0,509.76818900000006,EXACT,3.9597625084923987e-10,2.9426963557471417e-10,2.9426963557471417e-10,EXACT,需 8 个季度（同比基期）或多年基期，账号财务数据不足以覆盖 → 未实现。注意 TTM 本身**可精确复现**（conventions.py F1）。,True
account_receivable_turnover_days,quality,GOOD,60,120,0.5,1.3962859313210174e-07,1.3962859313210174e-07,8.88543549848464e-08,1.922823283476332e-09,0.9999999999999989,72.616446,GOOD,1.922823283476332e-09,1.223612003606544e-09,1.223612003606544e-09,GOOD,覆盖率不足（官方 120 / 重叠 60）,True
accounts_payable_turnover_days,quality,GOOD,60,90,0.6666666666666666,3.361120377576299e-07,3.361120377576299e-07,2.0345908069430152e-07,2.0858729774025003e-09,0.9999999999999996,161.137347,GOOD,2.0858729774025003e-09,1.26264385309944e-09,1.26264385309944e-09,GOOD,覆盖率不足（官方 90 / 重叠 60）,True
account_receivable_turnover_rate,quality,GOOD,60,120,0.5,2.3923335490394493e-07,2.3923335490394493e-07,1.2956238970573963e-07,1.859716289802942e-08,1.0,12.863970499999999,GOOD,1.859716289802942e-08,1.0071726276559764e-08,1.0071726276559764e-08,GOOD,覆盖率不足（官方 120 / 重叠 60）,True
equity_turnover_rate,quality,GOOD,180,180,1.0,1.4124753056066197e-07,1.4124753056066197e-07,6.193977751071482e-08,6.817357846465365e-08,1.0,2.071880833333333,GOOD,6.817357846465365e-08,2.772681308563592e-08,2.989543438705564e-08,GOOD,已实现（EXACT）。⚠ **文档公式写反**：官方发布的是 股东权益/营业收入(TTM) 的倒数（maxerr 1.41e-07），而非文档的 营业收入/股东权益（该写法 corr 为 -0.96）。,True
debt_to_tangible_equity_ratio,quality,GOOD,150,180,0.8333333333333334,4.751515643164339e-07,4.751515643164339e-07,2.537902287658156e-07,9.322189022812455e-08,1.0,5.0969956000000005,GOOD,9.322189022812455e-08,5.4795558247131604e-08,4.979212239575321e-08,GOOD,覆盖率不足（官方 180 / 重叠 150）,True
debt_to_equity_ratio,quality,GOOD,180,180,1.0,4.722723932482076e-07,4.722723932482076e-07,2.6875896873742217e-07,9.885899968260024e-08,0.9999999999999969,4.777232166666666,GOOD,9.885899968260024e-08,5.8367227319608664e-08,5.6258301744825995e-08,GOOD,,True
current_ratio,quality,GOOD,120,120,1.0,3.4090685230303563e-07,3.4090685230303563e-07,1.8865129586265184e-07,1.1251634236593635e-07,1.0,3.0298429999999996,GOOD,1.1251634236593635e-07,5.189953280855913e-08,6.226437999020143e-08,GOOD,,True
quick_ratio,quality,GOOD,120,120,1.0,3.362476057588992e-07,3.362476057588992e-07,1.7750107994540798e-07,1.4736909483017834e-07,0.9999999999999958,2.2816697499999994,GOOD,1.4736909483017834e-07,7.45879339071188e-08,7.779437841318097e-08,GOOD,,True
accounts_payable_turnover_rate,quality,GOOD,60,90,0.6666666666666666,3.50179087060809e-07,3.50179087060809e-07,2.2049991366124289e-07,1.5096161309263205e-07,1.0,2.3196565,GOOD,1.5096161309263205e-07,9.50571404262842e-08,9.50571404262842e-08,GOOD,覆盖率不足（官方 90 / 重叠 60）,True
super_quick_ratio,quality,GOOD,60,120,0.5,1.1968474744605828e-07,1.1968474744605828e-07,9.035474440866054e-08,1.9420766714382323e-07,1.0,0.6162720000000003,GOOD,1.9420766714382323e-07,1.4661504077527537e-07,1.4661504077527537e-07,GOOD,覆盖率不足（官方 120 / 重叠 60）,True
inventory_turnover_rate,quality,GOOD,120,120,1.0,4.6158128741424775e-07,4.6158128741424775e-07,3.74351493942493e-07,2.3547191365250324e-07,0.9999999999999957,1.9602392500000003,GOOD,2.3547191365250324e-07,1.8851079886014266e-07,1.909723488816444e-07,GOOD,,True
cash_to_current_liability,quality,GOOD,120,120,1.0,3.259708186570398e-07,3.259708186570398e-07,1.7699657665903867e-07,2.4006544111152876e-07,0.999999999999998,1.3578414999999997,GOOD,2.4006544111152876e-07,1.3380067399737743e-07,1.3035142662751045e-07,GOOD,已实现（EXACT）。分子取自 **cash_flow.cash_and_equivalents_at_end**，非 balance.cash_equivalents；分母为 AvgQ(流动负债)。,True
net_operate_cash_flow_to_operate_income,quality,GOOD,180,180,1.0,4.617997477751601e-07,4.617997477751601e-07,3.516757937360726e-07,2.705990289809062e-07,0.9999999999999684,1.7065831666666669,GOOD,2.705990289809062e-07,2.1438515917412466e-07,2.0607011753372263e-07,GOOD,已实现（EXACT）。分母须用「营业**总**收入 − 营业**总**成本」；误用营业收入时 maxerr 2.6e-02。,True
net_operating_cash_flow_coverage,quality,GOOD,180,180,1.0,4.782769891242822e-07,4.782769891242822e-07,2.9156995812185116e-07,3.0660370059193164e-07,0.9999999999999841,1.5599191666666665,GOOD,3.0660370059193164e-07,1.9258548680396631e-07,1.869135044637577e-07,GOOD,,True
total_profit_to_cost_ratio,quality,GOOD,120,120,1.0,4.2839990055387744e-07,4.2839990055387744e-07,3.907544428166654e-07,3.7696815595422385e-07,0.9999999999999993,1.1364352500000001,GOOD,3.7696815595422385e-07,3.489753123312775e-07,3.4384224074065404e-07,GOOD,,True
adjusted_profit_to_total_profit,quality,GOOD,180,180,1.0,4.6600379333128217e-07,4.6600379333128217e-07,2.2659554553087583e-07,5.620497602940993e-07,0.9999999999987782,0.8291148333333334,GOOD,5.620497602940993e-07,2.549238984229756e-07,2.732981445041599e-07,GOOD,,True
current_asset_turnover_rate,quality,GOOD,120,120,1.0,4.0533908485240744e-07,4.0533908485240744e-07,2.6161027284754557e-07,6.26747273962356e-07,0.9999999999992868,0.6467345000000002,GOOD,6.26747273962356e-07,4.3489305286891764e-07,4.0450953652162594e-07,GOOD,,True
cash_rate_of_sales,quality,GOOD,180,180,1.0,4.5022173505993024e-07,4.5022173505993024e-07,1.421369808530156e-07,7.039690057920054e-07,0.9999999999999499,0.6395476666666667,GOOD,7.039690057920054e-07,1.3721692839393497e-07,2.2224610965095995e-07,GOOD,,True
net_operate_cash_flow_to_total_current_liability,quality,GOOD,120,120,1.0,4.993943362860062e-07,4.993943362860062e-07,3.6642513399540687e-07,7.418150406948336e-07,0.9999999999999581,0.6732060000000001,GOOD,7.418150406948336e-07,5.003909592169928e-07,5.44298675287218e-07,GOOD,已实现（EXACT）。分母须用 **AvgQ(流动负债)**：TTM/AvgQ maxerr 4.99e-07 ✅（TTM/期末 0.193，单季/AvgQ 1.243）。,True
long_debt_to_working_capital_ratio,quality,GOOD,120,120,1.0,4.2206789258166996e-07,4.2206789258166996e-07,1.9644411566215655e-07,7.937247395077256e-07,0.9999999999999639,0.5317559999999998,GOOD,7.937247395077256e-07,2.8395411946900687e-07,3.694252921681309e-07,GOOD,,True
debt_to_asset_ratio,quality,GOOD,180,180,1.0,4.896820670202695e-07,4.896820670202695e-07,1.8739182299637447e-07,8.159534155023544e-07,0.9999999999997484,0.6001348333333333,GOOD,8.159534155023544e-07,1.4383474326746242e-07,3.122495355844331e-07,GOOD,,True
operating_cost_to_operating_revenue_ratio,quality,GOOD,120,180,0.6666666666666666,4.5641182697120364e-07,4.5641182697120364e-07,2.3618252741747225e-07,8.188870708298391e-07,0.9999999999998019,0.5573562500000001,GOOD,8.188870708298391e-07,4.0107063195140164e-07,4.2375505328499e-07,GOOD,覆盖率不足（官方 180 / 重叠 120）,True
gross_income_ratio,quality,GOOD,120,120,1.0,4.564118268879369e-07,4.564118268879369e-07,2.361825273758389e-07,1.0311041935821685e-06,0.9999999999998019,0.4426437499999999,GOOD,1.0311041935821685e-06,5.050093294077966e-07,5.335724888826261e-07,GOOD,,True
equity_to_asset_ratio,quality,GOOD,180,180,1.0,4.89682067117414e-07,4.89682067117414e-07,1.8739182298480964e-07,1.2246179660996077e-06,0.9999999999997486,0.39986516666666666,GOOD,1.2246179660996077e-06,2.1587336640574588e-07,4.6863752736187235e-07,GOOD,,True
operating_profit_ratio,quality,GOOD,180,180,1.0,4.888354259158234e-07,4.888354259158234e-07,2.223803419558005e-07,1.2819799995781855e-06,0.9999999999997927,0.3813128333333334,GOOD,1.2819799995781855e-06,4.830482519131891e-07,5.831965843158539e-07,GOOD,,True
profit_margin_ttm,quality,GOOD,180,180,1.0,4.888354259158234e-07,4.888354259158234e-07,2.223803419558005e-07,1.2819799995781855e-06,0.9999999999997927,0.3813128333333334,GOOD,1.2819799995781855e-06,4.830482519131891e-07,5.831965843158539e-07,GOOD,,True
operating_profit_to_operating_revenue,quality,GOOD,180,180,1.0,4.888354259158234e-07,4.888354259158234e-07,1.9720598507892242e-07,1.2892300544898197e-06,0.999999999999739,0.37916850000000013,GOOD,1.2892300544898197e-06,3.814842787742419e-07,5.20101182136497e-07,GOOD,,True
total_asset_turnover_rate,quality,GOOD,180,180,1.0,4.405609448678016e-07,4.405609448678016e-07,2.6443110650621604e-07,1.348223971710498e-06,0.9999999999996196,0.3267713333333333,GOOD,1.348223971710498e-06,8.641989323687775e-07,8.092236972221637e-07,GOOD,,True
net_profit_to_total_operate_revenue_ttm,quality,GOOD,180,180,1.0,4.917901471890307e-07,4.917901471890307e-07,2.7792727213630614e-07,1.4699075302309885e-06,0.9999999999997595,0.33457216666666667,GOOD,1.4699075302309885e-06,8.287093381499107e-07,8.306945401504493e-07,GOOD,,True
net_profit_ratio,quality,GOOD,180,180,1.0,4.952991406736995e-07,4.952991406736995e-07,2.441059942838904e-07,1.47332626565936e-06,0.9999999999998406,0.3361775,GOOD,1.47332626565936e-06,5.489829512636433e-07,7.261223439519015e-07,GOOD,,True
non_current_asset_ratio,quality,GOOD,120,120,1.0,3.9830267586915546e-07,3.9830267586915546e-07,2.657688975143957e-07,1.4915231309760666e-06,0.9999999999953061,0.26704425,GOOD,1.4915231309760666e-06,1.0889874547082768e-06,9.952241904268513e-07,GOOD,,True
roe_ttm,quality,GOOD,180,180,1.0,4.431573091823182e-07,4.431573091823182e-07,2.701506114112055e-07,1.595954901223917e-06,0.9999999999998376,0.27767533333333333,GOOD,1.595954901223917e-06,9.407352251957318e-07,9.72901006971711e-07,GOOD,,True
MLEV,quality,GOOD,120,180,0.6666666666666666,4.975185217137579e-07,4.931365568032128e-07,2.2984573730459575e-07,2.2512525512548496e-06,0.9999999999997108,0.22099631666666664,GOOD,2.231424325261588e-06,1.0463633939663707e-06,1.0400432947091914e-06,GOOD,覆盖率不足（官方 180 / 重叠 120）,True
net_operate_cash_flow_to_total_liability,quality,GOOD,180,180,1.0,4.263218803118862e-07,4.263218803118862e-07,2.9851731357232597e-07,3.1868219030389212e-06,0.9999999999994091,0.1337765,GOOD,3.1868219030389212e-06,2.483710335413135e-06,2.231463026557923e-06,GOOD,,True
admin_expense_rate,quality,GOOD,180,180,1.0,4.281068674560906e-07,4.281068674560906e-07,3.142979078923219e-07,3.432025585104537e-06,0.9999999999975122,0.12473883333333333,GOOD,3.432025585104537e-06,2.2889293062941873e-06,2.5196476469556148e-06,GOOD,,True
roa_ttm,quality,GOOD,180,180,1.0,3.6392161065212925e-07,3.6392161065212925e-07,2.8206989645555267e-07,3.7929770755350236e-06,0.9999999999968849,0.09594616666666665,GOOD,3.7929770755350236e-06,3.091558100039637e-06,2.939876664750053e-06,GOOD,,True
net_operate_cash_flow_to_asset,quality,GOOD,180,180,1.0,4.953808272131766e-07,4.953808272131766e-07,2.444533412755545e-07,4.8270734584793884e-06,0.9999999999954081,0.10262550000000001,GOOD,4.8270734584793884e-06,2.3799919574043206e-06,2.3819941561849096e-06,GOOD,,True
long_term_debt_to_asset_ratio,quality,GOOD,120,120,1.0,3.23456902144581e-07,3.23456902144581e-07,2.2189975906159202e-07,5.017383278247187e-06,0.9999999999992675,0.06446725,GOOD,5.017383278247187e-06,4.012038140606863e-06,3.4420540516555615e-06,GOOD,,True
sale_expense_to_operating_revenue,quality,GOOD,120,120,1.0,3.879621011670942e-07,3.879621011670942e-07,2.6860327857498173e-07,6.090743695418845e-06,0.9999999999791954,0.063697,GOOD,6.090743695418845e-06,4.368434986101276e-06,4.216890569021802e-06,GOOD,,True
cfo_to_ev,quality,GOOD,180,180,1.0,4.998512136283884e-07,4.97713672514416e-07,2.6102998980703686e-07,8.624521719281994e-06,0.9999999999747663,0.05795697777777778,GOOD,8.587640204821937e-06,4.188079796102398e-06,4.503857858287472e-06,GOOD,需 8 个季度（同比基期）或多年基期，账号财务数据不足以覆盖 → 未实现。注意 TTM 本身**可精确复现**（conventions.py F1）。,True
long_debt_to_asset_ratio,quality,GOOD,90,180,0.5,4.7467156435564845e-07,4.7467156435564845e-07,2.932301922748427e-07,8.65173302064453e-06,0.9999999999917443,0.05486433333333334,GOOD,8.65173302064453e-06,3.857271280921192e-06,5.344641490370356e-06,GOOD,覆盖率不足（官方 180 / 重叠 90）,True
operating_tax_to_operating_revenue_ratio_ttm,quality,GOOD,180,180,1.0,4.5740822407491777e-07,4.5740822407491777e-07,3.291204596437188e-07,1.1254338995597856e-05,0.9999999999916935,0.040642833333333336,GOOD,1.1254338995597856e-05,7.845465086215768e-06,8.097871940778047e-06,GOOD,,True
financial_expense_rate,quality,GOOD,120,120,1.0,3.444675076291759e-07,3.444675076291759e-07,1.9286367761270524e-07,2.3130655718858857e-05,0.9999999999807924,0.014892250000000003,GOOD,2.3130655718858857e-05,1.2621539584484625e-05,1.2950607034713037e-05,GOOD,,True
intangible_asset_ratio,quality,GOOD,30,180,0.16666666666666666,3.5557981581217646e-07,3.5557981581217646e-07,3.5557981581217646e-07,2.733967521237709e-05,1.0,0.013006000000000002,GOOD,2.733967521237709e-05,2.733967521237709e-05,2.733967521237709e-05,GOOD,分母科目不齐：development_expenditure（研发支出）在 6 只标的中仅 1 只有值（70/420），其余为 NaN → 求和后全 NaN，无法与官方比对。,True
ACCA,quality,FAIL,180,180,1.0,0.0022967006998223837,0.0022967006998223837,0.00047915177178619304,0.21115850749209783,0.9985866922995909,0.010876666666666665,FAIL,0.21115850749209783,0.013300078183202004,0.0440531815923561,FAIL,**口径部分收敛，仍 FAIL**：最优变体为 单季ocf/总资产 − 单季净利/总资产。**逐标的实测 5/6 精确**（maxerr ≤2.0e-04）：002415 2.0e-04、000651 1.8e-04、000002 1.1e-04、600036 8e-05、000001 1e-05；**仅 600519 异常**（官方 mean -0.00618 vs 本地 -0.00389，maxerr 2.3e-03）→ 与 MFI14 同类：单只标的异常主导聚合 maxerr。已排除 TTM/TTM(-0.16)、归母口径(0.0051)、AvgQ 分母(0.0021)。,True
net_non_operating_income_to_total_profit,quality,NO_DATA,0,180,0.0,,,,,,,,,,,,需营业外收入/支出单期值，income 表有 non_operating_revenue/expense，但口径未验证 → 未实现。,False
fixed_asset_ratio,quality,NO_DATA,0,180,0.0,,,,,,,,,,,,**结构性不可复现**：分母需（固定资产+工程物资+在建工程），但 balance 表**无 construction_in_progress 字段**，且 construction_materials（工程物资）在 6 只标的上**非空计数为 0**（整列缺失）→ 本地全 NaN。,True
DEGM,quality,NO_DATA,0,120,0.0,,,,,,,,,,,,需 8 个季度（同比基期）或多年基期，账号财务数据不足以覆盖 → 未实现。注意 TTM 本身**可精确复现**（conventions.py F1）。,False
operating_profit_growth_rate,quality,NO_DATA,0,180,0.0,,,,,,,,,,,,需 8 个季度（同比基期）或多年基期，账号财务数据不足以覆盖 → 未实现。注意 TTM 本身**可精确复现**（conventions.py F1）。,False
net_operate_cash_flow_to_net_debt,quality,NO_DATA,0,180,0.0,,,,,,,,,,,,需 8 个季度（同比基期）或多年基期，账号财务数据不足以覆盖 → 未实现。注意 TTM 本身**可精确复现**（conventions.py F1）。,False
ROAEBITTTM,quality,NO_DATA,0,180,0.0,,,,,,,,,,,,需 8 个季度（同比基期）或多年基期，账号财务数据不足以覆盖 → 未实现。注意 TTM 本身**可精确复现**（conventions.py F1）。,False
operating_profit_to_total_profit,quality,NO_DATA,0,180,0.0,,,,,,,,,,,,文档为「经营活动净收益/利润总额」，中间量「经营活动净收益」无直接字段 → 未实现。,False
equity_to_fixed_asset_ratio,quality,NO_DATA,0,180,0.0,,,,,,,,,,,,同上：缺「在建工程」且工程物资整列缺失 → 全 NaN。,True
fixed_assets_turnover_rate,quality,NO_DATA,0,180,0.0,,,,,,,,,,,,需 8 个季度（同比基期）或多年基期，账号财务数据不足以覆盖 → 未实现。注意 TTM 本身**可精确复现**（conventions.py F1）。,False
invest_income_associates_to_total_profit,quality,NO_DATA,0,180,0.0,,,,,,,,,,,,需「对联营和合营企业的投资收益」，income 表映射不唯一 → 未实现。,False
goods_service_cash_to_operating_revenue_ttm,quality,NO_DATA,0,120,0.0,,,,,,,,,,,,本地未实现,False
LVGI,quality,NO_DATA,0,180,0.0,,,,,,,,,,,,需 8 个季度（同比基期）或多年基期，账号财务数据不足以覆盖 → 未实现。注意 TTM 本身**可精确复现**（conventions.py F1）。,False
SGI,quality,NO_DATA,0,180,0.0,,,,,,,,,,,,需 8 个季度（同比基期）或多年基期，账号财务数据不足以覆盖 → 未实现。注意 TTM 本身**可精确复现**（conventions.py F1）。,False
GMI,quality,NO_DATA,0,120,0.0,,,,,,,,,,,,需 8 个季度（同比基期）或多年基期，账号财务数据不足以覆盖 → 未实现。注意 TTM 本身**可精确复现**（conventions.py F1）。,False
DSRI,quality,NO_DATA,0,120,0.0,,,,,,,,,,,,需 8 个季度（同比基期）或多年基期，账号财务数据不足以覆盖 → 未实现。注意 TTM 本身**可精确复现**（conventions.py F1）。,False
rnoa_ttm,quality,NO_DATA,0,120,0.0,,,,,,,,,,,,需 8 个季度（同比基期）或多年基期，账号财务数据不足以覆盖 → 未实现。注意 TTM 本身**可精确复现**（conventions.py F1）。,False
roe_ttm_8y,quality,NO_DATA,0,180,0.0,,,,,,,,,,,,需 8 个季度（同比基期）或多年基期，账号财务数据不足以覆盖 → 未实现。注意 TTM 本身**可精确复现**（conventions.py F1）。,False
asset_turnover_ttm,quality,NO_DATA,0,120,0.0,,,,,,,,,,,,需 8 个季度（同比基期）或多年基期，账号财务数据不足以覆盖 → 未实现。注意 TTM 本身**可精确复现**（conventions.py F1）。,False
roic_ttm,quality,NO_DATA,0,120,0.0,,,,,,,,,,,,需 8 个季度（同比基期）或多年基期，账号财务数据不足以覆盖 → 未实现。注意 TTM 本身**可精确复现**（conventions.py F1）。,False
roa_ttm_8y,quality,NO_DATA,0,180,0.0,,,,,,,,,,,,需 8 个季度（同比基期）或多年基期，账号财务数据不足以覆盖 → 未实现。注意 TTM 本身**可精确复现**（conventions.py F1）。,False
SGAI,quality,NO_DATA,0,180,0.0,,,,,,,,,,,,需 8 个季度（同比基期）或多年基期，账号财务数据不足以覆盖 → 未实现。注意 TTM 本身**可精确复现**（conventions.py F1）。,False
DEGM_8y,quality,NO_DATA,0,120,0.0,,,,,,,,,,,,需 8 个季度（同比基期）或多年基期，账号财务数据不足以覆盖 → 未实现。注意 TTM 本身**可精确复现**（conventions.py F1）。,False
maximum_margin,quality,NO_DATA,0,120,0.0,,,,,,,,,,,,需 8 个季度（同比基期）或多年基期，账号财务数据不足以覆盖 → 未实现。注意 TTM 本身**可精确复现**（conventions.py F1）。,False
margin_stability,quality,NO_DATA,0,120,0.0,,,,,,,,,,,,需 8 个季度（同比基期）或多年基期，账号财务数据不足以覆盖 → 未实现。注意 TTM 本身**可精确复现**（conventions.py F1）。,False
natural_log_of_market_cap,style,GOOD,180,180,1.0,4.983369557010064e-07,4.896260531239705e-07,2.5254914864566066e-07,1.8832161457141774e-08,0.9999999999999692,26.462015888888885,GOOD,1.850297631064303e-08,1.0040919611145327e-08,9.543836331520885e-09,GOOD,,True
average_share_turnover_quarterly,style,GOOD,180,180,1.0,4.957966610596998e-07,4.87369441763974e-07,2.4971541495845254e-07,2.315380848513093e-07,0.9999999999998093,2.1413179666666666,GOOD,2.2760255569267427e-07,1.1955802408185996e-07,1.1661762468055035e-07,GOOD,,True
share_turnover_monthly,style,GOOD,180,180,1.0,4.986312751587008e-07,4.959121713055126e-07,2.5872597792951803e-07,2.477189007225856e-07,0.9999999999998066,2.012891522222222,GOOD,2.463680560182538e-07,1.329594272692078e-07,1.2853448637107173e-07,GOOD,,True
debt_to_assets,style,FAIL,180,180,1.0,0.00649062570465242,0.00649062570465242,0.0026421591412295817,0.010863105217446049,0.9999696859329987,0.5974926666666667,FAIL,0.010863105217446049,0.002502873129101288,0.00442207794108979,APPROX,corr=0.99997、maxerr 7.2e-03。疑似官方对该描述因子也做了截断/标准化，未收敛。,True
book_leverage,style,FAIL,30,120,0.25,0.5186000999022076,0.5186000999022076,0.5186000999022078,0.1805790506412393,,2.8718729999999986,FAIL,0.1805790506412393,0.1805790506412393,0.18057905064123939,FAIL,覆盖率仅 25%，存在 0.31 的恒定偏移，未收敛。,True
market_leverage,style,FAIL,30,120,0.25,1.3774225111919618,1.3752542024181147,1.0126471423300487,0.245296971561859,0.7750802755031981,5.6153262,FAIL,0.24491083036602837,0.17203440906164025,0.18033629859829847,FAIL,覆盖率仅 25%（多数标的无优先股/长期借款科目），corr 0.20，未收敛。,True
leverage,style,FAIL,60,180,0.3333333333333333,1.027730537497916,1.0267416974979158,0.7576448149549416,0.49885217131187853,0.9906551121130573,2.0601905666666664,FAIL,0.49837219629597496,0.4033275431725785,0.3677547248363489,FAIL,依赖 market_leverage/book_leverage → 未收敛。,True
book_to_price_ratio,style,FAIL,180,180,1.0,1.3731095937093534,1.3514642386623026,0.6991434108033597,0.7911395083323832,0.923433483233021,1.735609938888889,FAIL,0.7786681836631388,0.476647925018684,0.4028228896009553,FAIL,文档称「pb_ratio 的倒数」，但 1/pb_ratio 与原值 corr 仅 0.88 → 口径不符，未收敛。,True
liquidity,style,FAIL,180,180,1.0,1.4396900423521595,1.3901020261970949,0.9886846298147115,1.2997298207978267,0.9506654460220313,1.1076840888888888,FAIL,1.254962529606702,0.8637904165196769,0.8925691356697694,FAIL,,True
size,style,FAIL,180,180,1.0,27.146140925655917,27.136173423525005,25.650141784620146,30.83574584059335,0.7619867123319709,0.8803465000000001,FAIL,30.82442359176188,28.656976092051682,29.13641592784221,FAIL,,True
non_linear_size,style,FAIL,180,180,1.0,22366.09018561285,22359.95322499826,18640.599078778003,19238.925540582888,-0.7305502085542054,1.162543622222222,FAIL,19233.646632766195,15547.958436599005,16034.322258932683,FAIL,,True
beta,style,NO_DATA,0,180,0.0,,,,,,,,,,,,**窗口不足**：需 252/504 个交易日，试用账号窗口仅 372 日、本地面板 177 日 → 结构性不可算（与 EMAC120 同源问题）。,False
momentum,style,NO_DATA,0,180,0.0,,,,,,,,,,,,**窗口不足**：需 252/504 个交易日，试用账号窗口仅 372 日、本地面板 177 日 → 结构性不可算（与 EMAC120 同源问题）。,False
residual_volatility,style,NO_DATA,0,180,0.0,,,,,,,,,,,,**窗口不足**：需 252/504 个交易日，试用账号窗口仅 372 日、本地面板 177 日 → 结构性不可算（与 EMAC120 同源问题）。,False
earnings_yield,style,NO_DATA,0,180,0.0,,,,,,,,,,,,**数据不可及**：需分析师一致预期（未来 12 个月/1 年/3 年净利预测），本地无此数据。,False
growth,style,NO_DATA,0,180,0.0,,,,,,,,,,,,**数据不可及**：需分析师一致预期（未来 12 个月/1 年/3 年净利预测），本地无此数据。,False
average_share_turnover_annual,style,NO_DATA,0,180,0.0,,,,,,,,,,,,**窗口不足**：需 252/504 个交易日，试用账号窗口仅 372 日、本地面板 177 日 → 结构性不可算（与 EMAC120 同源问题）。,True
cash_earnings_to_price_ratio,style,NO_DATA,0,180,0.0,,,,,,,,,,,,需 TTM 净经营现金流，受财务 TTM 边界阻断（见 conventions F 段）。,False
cube_of_size,style,NO_DATA,0,180,0.0,,,,,,,,,,,,需先对标准化后的 size 暴露求立方再正交化，链路参数未知 → 不可算。,False
cumulative_range,style,NO_DATA,0,180,0.0,,,,,,,,,,,,**窗口不足**：需 252/504 个交易日，试用账号窗口仅 372 日、本地面板 177 日 → 结构性不可算（与 EMAC120 同源问题）。,False
daily_standard_deviation,style,NO_DATA,0,180,0.0,,,,,,,,,,,,**窗口不足**：需 252/504 个交易日，试用账号窗口仅 372 日、本地面板 177 日 → 结构性不可算（与 EMAC120 同源问题）。,False
earnings_growth,style,NO_DATA,0,180,0.0,,,,,,,,,,,,**财务基期不可及**：需 5 年财务history，账号仅覆盖 2025 年 → 不可算。,False
earnings_to_price_ratio,style,NO_DATA,0,180,0.0,,,,,,,,,,,,需 TTM 归母净利润，受财务 TTM 边界阻断。,False
historical_sigma,style,NO_DATA,0,180,0.0,,,,,,,,,,,,**窗口不足**：需 252/504 个交易日，试用账号窗口仅 372 日、本地面板 177 日 → 结构性不可算（与 EMAC120 同源问题）。,False
long_term_predicted_earnings_growth,style,NO_DATA,0,150,0.0,,,,,,,,,,,,**数据不可及**：需分析师一致预期（未来 12 个月/1 年/3 年净利预测），本地无此数据。,False
predicted_earnings_to_price_ratio,style,NO_DATA,0,180,0.0,,,,,,,,,,,,**数据不可及**：需分析师一致预期（未来 12 个月/1 年/3 年净利预测），本地无此数据。,False
raw_beta,style,NO_DATA,0,180,0.0,,,,,,,,,,,,**窗口不足**：需 252/504 个交易日，试用账号窗口仅 372 日、本地面板 177 日 → 结构性不可算（与 EMAC120 同源问题）。,False
relative_strength,style,NO_DATA,0,180,0.0,,,,,,,,,,,,**窗口不足**：需 252/504 个交易日，试用账号窗口仅 372 日、本地面板 177 日 → 结构性不可算（与 EMAC120 同源问题）。,False
sales_growth,style,NO_DATA,0,180,0.0,,,,,,,,,,,,**财务基期不可及**：需 5 年财务history，账号仅覆盖 2025 年 → 不可算。,False
short_term_predicted_earnings_growth,style,NO_DATA,0,180,0.0,,,,,,,,,,,,**数据不可及**：需分析师一致预期（未来 12 个月/1 年/3 年净利预测），本地无此数据。,False
btop,style_pro,NO_DATA,0,0,0.0,,,,,,,,,,,,**官方文档只给「简介」，完全没有计算公式**（`style_pro` 16 个因子的「计算方法」栏为空）→ 结构性不可实现，非数据权限问题。,False
divyild,style_pro,NO_DATA,0,0,0.0,,,,,,,,,,,,**官方文档只给「简介」，完全没有计算公式**（`style_pro` 16 个因子的「计算方法」栏为空）→ 结构性不可实现，非数据权限问题。,False
earnqlty,style_pro,NO_DATA,0,0,0.0,,,,,,,,,,,,**官方文档只给「简介」，完全没有计算公式**（`style_pro` 16 个因子的「计算方法」栏为空）→ 结构性不可实现，非数据权限问题。,False
earnvar,style_pro,NO_DATA,0,0,0.0,,,,,,,,,,,,**官方文档只给「简介」，完全没有计算公式**（`style_pro` 16 个因子的「计算方法」栏为空）→ 结构性不可实现，非数据权限问题。,False
earnyild,style_pro,NO_DATA,0,0,0.0,,,,,,,,,,,,**官方文档只给「简介」，完全没有计算公式**（`style_pro` 16 个因子的「计算方法」栏为空）→ 结构性不可实现，非数据权限问题。,False
financial_leverage,style_pro,NO_DATA,0,0,0.0,,,,,,,,,,,,**官方文档只给「简介」，完全没有计算公式**（`style_pro` 16 个因子的「计算方法」栏为空）→ 结构性不可实现，非数据权限问题。,False
invsqlty,style_pro,NO_DATA,0,0,0.0,,,,,,,,,,,,**官方文档只给「简介」，完全没有计算公式**（`style_pro` 16 个因子的「计算方法」栏为空）→ 结构性不可实现，非数据权限问题。,False
liquidty,style_pro,NO_DATA,0,0,0.0,,,,,,,,,,,,**官方文档只给「简介」，完全没有计算公式**（`style_pro` 16 个因子的「计算方法」栏为空）→ 结构性不可实现，非数据权限问题。,False
long_growth,style_pro,NO_DATA,0,0,0.0,,,,,,,,,,,,**官方文档只给「简介」，完全没有计算公式**（`style_pro` 16 个因子的「计算方法」栏为空）→ 结构性不可实现，非数据权限问题。,False
ltrevrsl,style_pro,NO_DATA,0,0,0.0,,,,,,,,,,,,**官方文档只给「简介」，完全没有计算公式**（`style_pro` 16 个因子的「计算方法」栏为空）→ 结构性不可实现，非数据权限问题。,False
market_beta,style_pro,NO_DATA,0,0,0.0,,,,,,,,,,,,**官方文档只给「简介」，完全没有计算公式**（`style_pro` 16 个因子的「计算方法」栏为空）→ 结构性不可实现，非数据权限问题。,False
market_size,style_pro,NO_DATA,0,0,0.0,,,,,,,,,,,,**官方文档只给「简介」，完全没有计算公式**（`style_pro` 16 个因子的「计算方法」栏为空）→ 结构性不可实现，非数据权限问题。,False
midcap,style_pro,NO_DATA,0,0,0.0,,,,,,,,,,,,**官方文档只给「简介」，完全没有计算公式**（`style_pro` 16 个因子的「计算方法」栏为空）→ 结构性不可实现，非数据权限问题。,False
profit,style_pro,NO_DATA,0,0,0.0,,,,,,,,,,,,**官方文档只给「简介」，完全没有计算公式**（`style_pro` 16 个因子的「计算方法」栏为空）→ 结构性不可实现，非数据权限问题。,False
relative_momentum,style_pro,NO_DATA,0,0,0.0,,,,,,,,,,,,**官方文档只给「简介」，完全没有计算公式**（`style_pro` 16 个因子的「计算方法」栏为空）→ 结构性不可实现，非数据权限问题。,False
resvol,style_pro,NO_DATA,0,0,0.0,,,,,,,,,,,,**官方文档只给「简介」，完全没有计算公式**（`style_pro` 16 个因子的「计算方法」栏为空）→ 结构性不可实现，非数据权限问题。,False
